,e1
0,3.2527627515756774
1,2.2974925918462974
2,2.1252019325029545
3,1.8580132612185423
4,2.131785829420563
5,2.9873454921706
6,2.5398104184027512
7,2.0139346032659207
8,1.798262565552032
9,2.6443351332426706
10,2.8934187820735042
11,1.4526662719414374
12,2.387064194065093
13,2.6544143940487976
14,1.5957107695262571
15,2.940052028977215
16,3.1566906357894093
17,2.4083101312633888
18,1.6611208400938868
19,1.644253561201178
20,2.7586206712009864
21,2.426519096792044
22,1.9283366467571221
23,2.2928476868595977
24,2.7512947688366234
25,2.61366008262747
26,1.9833985655385402
27,3.1575897793132754
28,3.187289725413377
29,2.7674770952471817
30,2.241107497788666
31,3.074761336668568
32,1.414491182838361
33,3.0421278652630854
34,2.280147667999333
35,3.071251297510159
36,-0.7402171189369333
37,0.8582498983336786
38,2.7347935287413887
39,2.0246866589082013
40,3.124093294761358
41,1.9885803987813844
42,2.577463584054488
43,1.8531146521692747
44,2.572143296534655
45,2.0797687452120823
46,3.2256463450029154
47,2.0706236326051055
48,2.0268096077487483
49,3.6490725746760564
50,1.2050194421779494
51,2.758138183202306
52,2.182030718789319
53,1.3558345132828549
54,2.120368962446813
55,-0.6968490735221318
56,2.484152919655177
57,3.2593237740541903
58,1.525701890360962
59,2.296130952806972
60,2.0617456299419437
61,2.871590850524859
62,1.944360684695641
63,1.4072335542879282
64,1.2204564142078131
65,0.829564177042373
66,0.5556197701223389
67,2.5086578205952725
68,2.8002361038364807
69,2.2600506886428433
70,1.181737963612801
71,2.7062165705592522
72,2.971297688616171
73,2.138302431986517
74,0.10807814737030381
75,1.9943261072142582
76,2.2208672895224426
77,2.135584442095809
78,1.7187364150034035
79,2.6685534499545094
80,2.3008606123717152
81,2.9115536900939367
82,2.207620049571307
83,0.8951663911420664
84,2.5407895625395374
85,2.497947159217878
86,1.3357402547391886
87,2.0922636668456978
88,2.1795834884682823
89,1.3208854270390071
90,-0.6809222142700985
91,1.5290568953357369
92,1.270491951976475
93,2.823459816731146
94,1.9925982870361523
95,0.9252816241158232
96,2.86853766472734
97,-0.033697386368270625
98,2.484699875555333
99,2.1568447476985173
100,3.0191184358864067
101,0.7913657969099726
102,2.0318229374930263
103,2.6230406062232743
104,2.3390421392633813
105,3.139296324820143
106,2.2872200607652746
107,1.9099807282163757
108,-0.8133107148296113
109,3.3533964909465537
110,3.3145041414864136
111,2.589183365260844
112,1.7168152460640345
113,1.720633936141394
114,-0.3248553486920199
115,2.6832269414597807
116,2.759080677010607
117,2.1358832544651483
118,-0.3049319407970448
119,-0.6830576504844407
120,2.273057314380604
121,1.945991713771552
122,2.9956253234627814
123,1.1584366841713516
124,2.924524053479595
125,1.1119146736628147
126,-1.215296503297205
127,1.3467806528792603
128,0.5596207900983697
129,-0.36267828310440553
130,1.1994333535467636
131,1.5835926679702776
132,1.44990409885774
133,0.24594542847899012
134,1.8331756826693397
135,1.2942487337871214
136,0.814852633713226
137,0.18266370295567536
138,-0.9776846967110819
139,2.279059019273507
140,2.665370455690513
141,0.48252991628131975
142,-0.5497323696567807
143,2.5762679920018754
144,2.3759603463424788
145,1.4665031056733882
146,2.73217021365201
147,1.3106545761302688
148,2.619816667412047
149,3.2017163495241947
150,2.7379582029406224
151,2.1541222308643126
152,1.756214922252204
153,2.846843679911215
154,2.4539567018950783
155,2.622912699038389
156,1.8423926328188063
157,2.0061693269967504
158,2.4479640937756404
159,1.3593688928153065
160,2.840849253597605
161,3.209693278264088
162,2.5485616662907065
163,2.706541090227269
164,2.63094716948805
165,1.5498787501657083
166,-1.173317473356624
167,2.105082754720223
168,1.0362362285523607
169,2.2466209183283934
170,2.65938592930089
171,1.694216796535354
172,1.4382225039468544
173,1.2859679744386119
174,2.663540843430417
175,3.1016546047283553
176,1.8677643729768119
177,1.5962239646081202
178,1.1312776519584498
179,2.704222787384066
180,0.7415068652401887
181,1.9411076587665466
182,2.1798201954077148
183,1.6244276708566783
184,1.9898603427978891
185,1.873978003788092
186,2.4369740757539886
187,2.299987671358134
188,1.5371148461984387
189,3.0004939413126137
190,1.4968905315379009
191,-1.8366676717175432
192,1.1504734868977111
193,2.944091985150359
194,1.9642287549033481
195,1.9386577870445234
196,2.089858303387084
197,2.417106580458021
198,2.9833736391077874
199,1.276808292176019
200,1.4318259923733547
201,1.6887127635953032
202,2.2178381883200706
203,1.961758039354003
204,2.6631501222564613
205,2.624607318457979
206,2.2462376650351303
207,1.7598631411999928
208,1.4760126923974688
209,1.9354255800507376
210,2.3058155730527994
211,-1.2488999146931825
212,3.1646077424883265
213,2.719282234487502
214,2.9366656660610717
215,2.3126474365381253
216,1.6169754675895225
217,2.190008123336598
218,1.3762539544886203
219,0.45314973918178936
220,-1.0984325465181644
221,2.617764456954318
222,3.077448307588403
223,2.4905836596197672
224,2.2880621234262417
225,-0.5317967029035447
226,1.7411198853022223
227,0.7847511648472056
228,2.60874364151388
229,2.58018620859221
230,2.308772269788466
231,3.191837644518719
232,2.765394712595652
233,1.3820181329474577
234,2.787326718352861
235,2.4529786958099318
236,2.0498139096978223
237,1.642923970075649
238,1.995856562439599
239,1.6646875579078448
240,1.4992376567585552
241,2.478449456085961
242,0.3889066139740867
243,1.0065043333180623
244,1.9878290235348317
245,3.341857104753831
246,3.012031398506791
247,2.019183134991792
248,2.869244334984957
249,1.4367472812586726
250,1.7771444169972686
251,2.371427636830252
252,2.635054612305269
253,1.951282236621575
254,1.1772403732609387
255,1.7546776531069437
256,2.356943819774061
257,1.5289476601971799
258,1.9536754670503211
259,3.578769673498704
260,2.781503401264747
261,2.9344039420455856
262,2.591799918984057
263,0.8480524064337822
264,3.0554397236228787
265,2.5710643123729815
266,1.6495375511560602
267,2.295577896123545
268,2.747259220322932
269,2.1977035122847
270,2.0424804899373012
271,2.8574841653625334
272,2.035582586688235
273,0.5931907070180368
274,1.6540047173969128
275,1.7750777239760775
276,2.4103302176660417
277,1.616631257111033
278,2.3066243332634344
279,2.74008470904567
280,2.8065108458106485
281,2.3257222357454443
282,1.3827842349455977
283,1.4783741756292783
284,2.2274625502788674
285,0.7033753076770963
286,2.044082867355675
287,2.267798187239569
288,2.4224293252384372
289,3.0672611344765097
290,1.087044918147531
291,2.378147042270082
292,3.242863427054003
293,1.7870419989391073
294,1.3975866762065328
295,3.406147749109346
296,2.040030734623922
297,2.585741315707279
298,2.854154132939669
299,2.9010948621482484
300,2.243572201957996
301,2.7731611635406117
302,2.063152795518853
303,1.5670449443390426
304,1.6992784398560643
305,3.4019046346751014
306,3.2198409286431993
307,3.1238663220583414
308,2.026967795059079
309,0.5563004329493129
310,0.8218656768233717
311,1.617928028783672
312,2.0585194615529954
313,2.9618232662470034
314,1.7456844676179784
315,2.5472147652655055
316,2.254177802292856
317,3.6976877614494303
318,3.04055365651419
319,1.7719046291782834
320,2.7925172086602745
321,2.855112139993888
322,1.625393314422024
323,2.052348459119937
324,1.4561469321733602
325,3.0136127797821457
326,1.7224915960650768
327,2.1254274435010263
328,2.4800075212527743
329,1.8639042366213612
330,1.831382927377011
331,1.643274343651075
332,2.6281589083300023
333,2.926122633291889
334,2.140201995517326
335,1.5097025668865467
336,3.0228483462028892
337,1.9754454504460197
338,2.5746844246564415
339,2.3273874756565105
340,2.6701230430135006
341,2.7722725617389123
342,1.3584410724529519
343,2.29369432326566
344,2.948235165748538
345,2.595260689322358
346,1.970994871683184
347,2.8717245776222717
348,2.8172872942374125
349,2.5172401074634974
350,2.414059781806276
351,2.278173886023502
352,2.556721430305617
353,2.3341480708745674
354,1.447938496185737
355,3.190226944465597
356,2.8722674735960725
357,2.27909996065499
358,1.7155327420838824
359,1.573274193225407
360,2.5274017031147533
361,2.437752717941489
362,3.026685400328248
363,2.9644463466636117
364,2.1485770432547384
365,1.920796226407475
366,2.390311349917877
367,2.61414440550693
368,2.283714234358161
369,2.0716438772831607
370,2.2595271142547273
371,2.3038810222528907
372,2.9845301779393356
373,1.2812171388731317
374,1.1549330748589375
375,2.3334811073839443
376,2.6573160566354423
377,2.0261745793071295
378,1.9786498246910071
379,2.730644153187991
380,2.354624048898814
381,1.9838885070592107
382,2.3894677739802677
383,1.5374063606348864
384,0.8158427297765531
385,1.6905953802021916
386,1.7981824306815442
387,2.693104848610254
388,2.3156882112344737
389,2.5279130948753736
390,2.080864400436967
391,1.399806503815456
392,1.017670171302474
393,1.20818406568739
394,-1.5640469353741302
395,-0.2459584869918222
396,-0.2956191152368814
397,0.7039206557863598
398,-0.9131313849721713
399,0.5228628009351921
400,0.7447516949960801
401,1.6448479877290525
402,0.5579967430269975
403,-1.5847223652683164
404,1.2526092299183285
405,-0.5924787496072375
406,1.9611952736559557
407,2.2080734343771096
408,2.181429073895439
409,2.0263070601734774
410,0.5010324239611418
411,2.6904233137708418
412,1.744739266012054
413,1.8222512646530433
414,1.661832609011227
415,1.4451674684223699
416,2.633495404390251
417,0.9168649899785482
418,1.3047924237352535
419,1.634945914221371
420,2.5733649502705087
421,2.1183554449407125
422,2.190714596196723
423,1.717907190807306
424,2.6715454270207015
425,2.161750510113376
426,1.4765687447068545
427,3.0800289974929393
428,1.5865345194573086
429,0.8726983159539379
430,2.824749907922004
431,1.6927031970624626
432,2.0105499679721466
433,2.201411139993476
434,1.739398788372078
435,1.7794256792026013
436,1.1933096455180594
437,1.7917306649908704
438,0.12479817464907725
439,2.9081529827896495
440,2.848478227417013
441,2.1007567920014383
442,1.4150138663693286
443,1.2488798502889722
444,1.7963312159511688
445,3.2306536451849968
446,1.2453418740458433
447,2.7537440662615618
448,2.709969016735662
449,2.4225359758282647
450,2.2658088358194597
451,1.8556468927417304
452,2.2863048643359005
453,2.6437922001122707
454,1.6957843994811144
455,3.1067866162029785
456,3.2214952220703346
457,2.2898703560515967
458,1.9699935708436103
459,0.8966946325576416
460,2.3831473604300775
461,1.0660435591545163
462,1.7490614043417863
463,1.8951648353769974
464,2.408056435292961
465,1.8958968452514686
466,2.014052222300849
467,2.341435228715605
468,2.022666218360603
469,0.5098998046996075
470,2.8120863523773187
471,1.6731935864305976
472,1.3693726317296404
473,2.9296063243405905
474,3.084400525898308
475,1.2621889504341581
476,2.6115420064464536
477,1.140632550214368
478,1.9680527399540046
479,2.9020430061123883
480,2.5091261081715204
481,2.6995478229020766
482,2.92384046153307
483,1.1816782429258907
484,1.6136668063994009
485,1.9614071397248187
486,1.7493564726209485
487,2.136389056233402
488,1.4874717802797968
489,2.4704202167036033
490,2.475453443328367
491,2.856996746530397
492,2.7535008185669523
493,2.390081002957171
494,1.799190531458277
495,1.9965757275668545
496,3.1706991425628233
497,1.6384252655800615
498,1.695356663817985
499,2.5468771778987174
500,2.7626876689688813
501,1.0895833767489531
502,0.863125021148908
503,2.0680424645191615
504,1.5151385651179152
505,2.683609628141966
506,2.699030777437029
507,3.046962914170878
508,2.809382857845341
509,1.0585914473255196
510,2.2078846824404335
511,2.000882010278215
512,2.1042184726105235
513,2.659816389397789
514,3.0244380737997356
515,1.9929245339681632
516,2.287880362645621
517,1.5527352087930986
518,1.045162725808892
519,2.029469110088087
520,2.5215024263123054
521,2.6862837870375444
522,2.84687200562805
523,2.747832108132739
524,1.3363951195740262
525,-0.21824837478829978
526,3.648959138903408
527,1.7201469829472986
528,3.1226207436331377
529,-0.9007085428663772
530,2.8655386018963047
531,2.117804412743739
532,1.8117080893048745
533,2.950189980871008
534,3.0161671333463653
535,2.1110985929011594
536,2.239003349087002
537,2.940792501744785
538,2.846683913920416
539,1.3109837134167013
540,3.3985948288706056
541,1.7590490783063095
542,2.531427633753879
543,1.7431815263670252
544,-0.6498118520350844
545,1.017245961387603
546,1.9547469403018183
547,1.6934180202978741
548,2.9566828806886623
549,2.0635971337470753
550,2.8327360736561062
551,2.310171819032509
552,2.9897987802842714
553,1.6401225142119058
554,3.014640709540737
555,3.343281581261559
556,0.2991798747504144
557,1.628142228233478
558,-0.672356900848291
559,-0.23046646978098836
560,1.3144059940563084
561,2.9901182399668667
562,2.1705212096857123
563,0.9830569555141903
564,2.1457444493803095
565,1.3951091974762897
566,1.9568665844079929
567,2.207415617889574
568,2.06301933123151
569,1.4752586309415718
570,2.0210212251064283
571,0.054780552356191003
572,2.098780601055339
573,2.6667997579634943
574,1.9322914773571889
575,-1.2283974250785805
576,1.58342336670992
577,1.113315457162094
578,0.6444492899862668
579,2.2687513863049578
580,3.258027776047199
581,-0.8797159732219966
582,2.009586514361096
583,-0.780029732429448
584,2.1015100784106884
585,2.2436888402394533
586,2.6013185594287473
587,2.893695461364632
588,3.190700499143277
589,3.0183991511080563
590,-0.09398945120894578
591,2.7114778732799207
592,3.4698289021260624
593,2.9370379184048576
594,2.990291888352959
595,2.8331433945329
596,2.7527289479410593
597,-0.12206831322494867
598,3.234178634278125
599,1.3616814847988308
600,0.5295472231823253
601,2.761130126493534
602,1.9329112328608098
603,0.20247794891114426
604,2.424639846019074
605,1.1877592713428597
606,0.5834097252810942
607,3.392904668824686
608,1.6928264642011013
609,2.6452697306494004
610,1.5234796765895717
611,1.4979055573974929
612,2.662455268835806
613,0.05901116212041699
614,3.0606510957627258
615,2.4022058135744873
616,1.399844153294301
617,0.1136911514848351
618,1.6329654418959099
619,0.1968801559076161
620,2.426841416224213
621,1.3110262288845371
622,0.43452984332716055
623,0.7377434594750061
624,1.259647360548268
625,1.1568917632452387
626,2.7622754886833993
627,3.020562179550741
628,0.5045968326301153
629,0.07289302756587512
630,1.2899512953420547
631,2.373723206193946
632,1.555130160089215
633,1.372103567746231
634,2.57423667495088
635,-1.6966865893013803
636,1.6564991164819256
637,1.665437752341973
638,1.7203788781364997
639,1.7656435012011118
640,0.42780736827851223
641,0.3168093934131955
642,0.5483309363288863
643,-0.4476062507005396
644,1.5868697220886372
645,1.1776917108728577
646,2.6859678697690996
647,2.5235511291948782
648,0.6015543181709231
649,2.5652797733972053
650,0.596793459564388
651,1.4263658809991429
652,2.260229831954933
653,-2.2703375469596176
654,0.16963329319793624
655,1.1533999933259735
656,-0.13756464208077612
657,-0.5652490223912288
658,1.954753869278765
659,1.2842189696494508
660,2.569657736847871
661,2.0855770078850786
662,2.56896393781066
663,0.8214817725346427
664,2.4536559799000317
665,-1.0421381824168163
666,0.9879499916896199
667,2.8840399486845447
668,2.5523308406931307
669,3.1868679262234623
670,2.7989381755743388
671,2.293013681338171
672,1.6889453083234822
673,2.143735356125444
674,-1.101524218353397
675,-0.5197779329098368
676,1.8614267911770528
677,3.333792268530903
678,-0.15023852368664023
679,2.5035118820900366
680,0.8979451845639328
681,1.5478925271393587
682,-1.8944871786575535
683,0.7040688772228435
684,1.671602796619019
685,0.3251739444142699
686,1.7061434811175284
687,1.3833693937847849
688,0.6131243718174749
689,-0.9458856501441814
690,2.1809915787866503
691,1.144554033346035
692,0.2935734659849053
693,1.787810911446418
694,2.2670000482905257
695,0.8524716848308165
696,1.739904110367883
697,-0.0210879245059917
698,-0.00775130761182725
699,2.400379603088514
700,-0.11974544706796167
701,2.4452970392746676
702,0.48467103281916923
703,1.2559930804221393
704,2.7068992192786676
705,-1.224760842490222
706,2.263326747340153
707,2.544385589545191
708,2.1564113148166375
709,1.1916096313468798
710,1.5414381769181666
711,-0.6125597669980739
712,1.0565432997275344
713,3.1133483938005426
714,2.519304714803156
715,0.3211237640998715
716,0.9635267126166724
717,2.2373096104530585
718,1.9744315290050665
719,3.523939851682623
720,0.17385841843446523
721,1.907248825834685
722,-0.969342965042302
723,2.183295816364712
724,1.7298317398728382
725,-0.1495776971486692
726,-0.7007361889408864
727,2.884463719815275
728,-0.20048171174153231
729,0.25625236223734066
730,1.808461547117446
731,0.11483990987274785
732,2.8384635674229104
733,-0.3702187180669772
734,2.4175530576636763
735,2.2484366508002944
736,1.1179231017345543
737,1.269494797455308
738,-0.8457615708460741
739,0.01697905085238342
740,3.257782404792111
741,1.5461913350983194
742,1.6132506606414956
743,0.7162111110741749
744,3.6652866307164023
745,2.215362531053354
746,0.8477848053360522
747,2.2511540405726955
748,0.010439264979352271
749,3.5988229015100743
750,1.260804080657585
751,0.7310292620379525
752,2.010524019193762
753,0.7861431273259774
754,0.0983871720779367
755,-0.22492653807873436
756,0.02348656014464752
757,1.1604949241900993
758,3.216149292905919
759,1.7218862228455136
760,1.80204273945282
761,1.3010530805237563
762,0.2900523186051677
763,2.33779148696233
764,1.7297088639579914
765,2.660843130139027
766,2.083172601434457
767,0.5432868644297502
768,1.9629769995548658
769,1.245932998232128
770,1.7054210348327614
771,-0.06753390744983359
772,0.7284906985512253
773,-1.5512778906830276
774,0.08206254120933575
775,-0.0799502115645571
776,-0.8645504249090601
777,3.1058322313198907
778,1.77471540828076
779,2.606936309207111
780,2.4289113339917754
781,1.728209520229481
782,2.2924518159612526
783,1.8024632472531352
784,2.6250889201868484
785,2.2046494296482937
786,1.727976121503103
787,2.0712275673742138
788,0.17689774947956316
789,1.7435952645262995
790,1.5736114063971551
791,-0.15722881678597708
792,0.9582616844319459
793,-1.010900122859587
794,-0.1652803157526265
795,-1.231616167605868
796,-0.44461619439155464
797,1.816606613308708
798,2.432256580013459
799,3.2416846483729587
800,2.155762192979058
801,2.5808367997300437
802,2.591547720563081
803,2.113471694248259
804,2.7478153854763314
805,2.242168912756503
806,-0.3434421236835679
807,2.1640389796528665
808,1.6067120461722741
809,0.501604213040086
810,0.12337894589104292
811,-1.5198823709679
812,1.5049157866152831
813,0.21472998379707703
814,-1.281636236310566
815,-0.6064874160632442
816,-0.47112364099919884
817,1.6473913535289952
818,-1.3658733859158518
819,-0.12910919226386508
820,-1.1619912769075438
821,-1.5981981916459342
822,1.2734910824919905
823,2.2627736922637354
824,0.09669548995019508
825,0.6564694232083782
826,-0.7307418242013419
827,1.569611785782762
828,1.473921586898017
829,2.0072018656078994
830,1.938084165655597
831,2.6371736024148125
832,1.2587199548214034
833,0.6950339806711374
834,2.0564920207386264
835,1.6939163298051079
836,2.578132260428541
837,2.9460926502193168
838,1.3391042121379546
839,1.3608156302457388
840,2.0601520533257847
841,1.6532293078383469
842,0.254777811254168
843,1.3868773136565162
844,-0.0689217655980433
845,2.2957489223142145
846,0.778579632514013
847,2.6132738894422816
848,1.5906548507790268
849,1.2086247561723409
850,2.691904921748779
851,2.3327395897244214
852,0.1479654070919153
853,-0.014006911420582807
854,0.31515451086731583
855,-1.492315399771088
856,0.21656325785156735
857,3.6561770603732344
858,0.3468693403164358
859,1.7290098616633303
860,2.576965397921117
861,2.088630121305121
862,1.4039991636646316
863,0.7201875638410219
864,-0.9640168759260767
865,2.9995850230342462
866,0.8157600756468593
867,0.35803937246300876
868,2.129770812614051
869,1.0777903390647472
870,-2.047514674786329
871,0.7455025149036082
872,0.6656543919943995
873,-0.016003276683826402
874,2.1239872232968278
875,1.431338846791138
876,1.8419213509722938
877,-0.774129444717317
878,1.9778911017135847
879,1.3827411494560937
880,1.64963375913511
881,1.731291238024418
882,1.0880536990849
883,-0.9223789000515336
884,1.056853063710808
885,1.9714909275524004
886,-0.25420757862572196
887,1.1515460571998866
888,-0.44013658430888086
889,0.4788729059083957
890,1.4672472045988836
891,2.9247399020027807
892,2.7309902474411043
893,-0.736084243782213
894,-0.25504170760705935
895,2.336346824683808
896,2.777973805683538
897,3.452619861084954
898,3.39386837839916
899,2.9512456790213415
900,2.776998686241079
901,3.0545826905784828
902,3.413179828662481
903,3.6225342316619638
904,3.46973416793014
905,3.2772022070833353
906,3.006710131083068
907,3.5344386926117553
908,3.242012475062002
909,3.4377044813998405
910,3.3196286362873897
911,3.5583737692592434
912,3.5588950871216993
913,3.2892692383710833
914,3.097120563572707
915,3.3414354549751906
916,2.673919473097097
917,2.9754689293828642
918,3.3673651318351716
919,3.1164052685766737
920,3.0280836837458143
921,3.643473848896253
922,3.5408670530761444
923,3.207557877091115
924,0.9454651537524467
925,3.4245081881831734
926,3.012288862449389
927,3.354376716516773
928,2.942570936519993
929,3.4686685676168745
930,3.103682294030628
931,3.06887254437263
932,3.233294899046921
933,2.770745079189395
934,2.66163712253979
935,3.203502825873475
936,2.3206555197902445
937,2.7619124360612934
938,1.1144848995796486
939,3.0919074526559407
940,2.7268448830620486
941,3.3692253202563003
942,3.1256542932846965
943,2.936786175132193
944,3.2732046425061503
945,2.993752826917327
946,3.272747310281795
947,2.8958369902181054
948,3.1046431474596687
949,3.414201192247126
950,3.4235839310864247
951,2.702939472315228
952,3.450379635411126
953,3.3470205871432754
954,3.3267594351768737
955,1.9266005709014067
956,1.5824048433787556
957,-0.08422481718892275
958,2.667474096945121
959,1.6305904513410328
960,1.7907512814135491
961,0.6817667169200335
962,2.470103379447432
963,2.2666867951279936
964,3.2234002625129627
965,0.9080683228013577
966,0.9267017023175618
967,2.778284585937098
968,3.3521471121955506
969,1.7218176961920804
970,3.2298495820752073
971,0.16454204908000908
972,3.000731824323692
973,1.3447496878732348
974,0.02168550853212679
975,2.4721840503283885
976,0.3640877967272054
977,3.1111094098815366
978,0.8446924594488938
979,1.602256052054786
980,-0.24414662756008124
981,2.7353941841373963
982,2.083115868676669
983,1.5853684176297094
984,-0.3127995796130799
985,2.6451716661858504
986,1.8157050423666805
987,2.3789794340328028
988,-0.6101028323699733
989,1.4860270137258458
990,2.6543790897808734
991,0.6784984025342427
992,-0.3576166690060255
993,3.2342359807840744
994,-0.27737799450907774
995,2.023730532022503
996,1.4591736069993977
997,2.0628541576865924
998,2.3575689207278
999,0.870448953268887
1000,0.7241056620108824
1001,-0.5497173207996748
1002,2.034472878749678
1003,1.6978265039696672
1004,1.433534517144035
1005,2.187197914102229
1006,2.1192320794803043
1007,2.485257387796094
1008,2.2557408005350297
1009,2.2907803089635985
1010,1.8549984829294606
1011,2.862876536525629
1012,2.653058226576002
1013,2.5361141804153715
1014,2.4091849659601143
1015,2.3455274398403088
1016,2.6493102222326765
1017,2.247278629011886
1018,2.834148643022001
1019,2.3420063129638797
1020,1.7882917490544665
1021,2.866230417827616
1022,3.1131942384210873
1023,2.3749327024884086
1024,2.6760372766174805
1025,-1.0820841039960651
1026,2.28467820676919
1027,2.9952275087758147
1028,2.788764115255003
1029,2.1138005991533286
1030,2.525384522339329
1031,2.797955960994184
1032,2.5023216016538514
1033,2.7861913752046203
1034,3.0580793193888542
1035,3.2207846334780807
1036,1.7329960001375408
1037,0.7314899272104102
1038,-1.0184826120222308
1039,0.319715392371151
1040,3.1952756912319975
1041,2.5709337597056954
1042,1.9118506065565302
1043,1.5497239711881907
1044,0.5993242639893069
1045,3.105330826099482
1046,2.5936369526608813
1047,-0.5616136322461294
1048,2.4283443121927926
1049,2.912580042246792
1050,2.5755823262971878
1051,1.9690529138434398
1052,1.5218063707735605
1053,2.3362880404882387
1054,0.4487511105204827
1055,1.8205840959275335
1056,2.749719148701525
1057,0.9198363984584463
1058,2.517619561103366
1059,3.093503827884922
1060,2.670289302435874
1061,1.3569052843165406
1062,1.0780312381488246
1063,2.021888192450631
1064,-0.16476515369138026
1065,3.304559330407042
1066,1.806755227137376
1067,2.198356717553082
1068,3.1266805355127447
1069,1.265115961759403
1070,1.0210572572101393
1071,1.4988321731322227
1072,2.9585041687760105
1073,0.6987767795718467
1074,1.5412503173023615
1075,2.2803470869669846
1076,3.125870720375416
1077,3.015261088321333
1078,3.1005517437568697
1079,3.1803600594159263
1080,2.7495174339514623
1081,2.90681862373395
1082,2.6260542255101353
1083,3.235889447702796
1084,2.8388366825087323
1085,3.2566139814334796
1086,1.8496876912934057
1087,2.425980774643654
1088,3.23905595530835
1089,3.2406789051355056
1090,1.9132979497807152
1091,2.6339768811163426
1092,2.567490964742827
1093,2.872908913855207
1094,3.0471103745437573
1095,3.1110239061157783
1096,3.0774541487225906
1097,2.117591922076974
1098,3.1066513216825937
1099,1.9355173265374979
1100,2.76340387523559
1101,0.5850231446818334
1102,3.0486831180312888
1103,3.344269017695347
1104,0.7199767620851825
1105,-1.4546108324523275
1106,-0.622299187972918
1107,0.31595477225201823
1108,1.6553031308972816
1109,1.805308352887079
1110,3.249969032736335
1111,1.8131775025725105
1112,1.9365325903623185
1113,1.8010364927945743
1114,-0.3847247336416124
1115,1.4443971282206791
1116,1.8497189182494556
1117,0.4481669396437047
1118,1.9805046669074589
1119,2.74952635058464
1120,1.0454146350203177
1121,-1.6119955241971955
1122,1.9836349576688712
1123,2.867582977713799
1124,2.8842469377261533
1125,1.4433199467962572
1126,2.8003748181749373
1127,2.052506838031584
1128,2.536482508379096
1129,2.3582245418941223
1130,3.4221040650070265
1131,3.3957400318559365
1132,-0.4385159754312141
1133,0.4624198575564736
1134,2.2584419148919412
1135,3.4758103777920675
1136,-0.7067246472047384
1137,1.4771344613479942
1138,0.8998458256387493
1139,0.8342251369354934
1140,-0.5634347932374731
1141,0.09308549570994044
1142,1.527582964462713
1143,2.264707073522248
1144,0.48844558189100323
1145,1.9328655415213685
1146,3.4723079950687787
1147,3.648628102852686
1148,1.3913963037270214
1149,3.065437678027271
1150,2.2571521715262377
1151,2.193235847801626
1152,0.9340739593206447
1153,1.0488099264190627
1154,0.8476137389768077
1155,0.1680940282643728
1156,0.7543545310059968
1157,0.7145986742226434
1158,0.42140952788548813
1159,1.041750348200158
1160,2.9469444930137834
1161,2.9566257878244984
1162,1.19835002149091
1163,1.5905263403168992
1164,-0.954837563983842
1165,1.0351389393617194
1166,1.8683700330385817
1167,0.38414826204173774
1168,2.3733596798505667
1169,0.8046243430585182
1170,2.958542739383577
1171,3.4137789184526715
1172,2.480644798017938
1173,1.7815780388238052
1174,3.1309988039618615
1175,3.073458877813957
1176,3.0732226186846847
1177,3.5932988158446384
1178,2.913911819384801
1179,2.749695575228948
1180,1.0919925331252096
1181,0.32390972596628015
1182,2.716685041338063
1183,2.884401501079044
1184,3.0984626957505133
1185,2.734239686365597
1186,2.82039616886292
1187,3.109031988147955
1188,3.4475890352135594
1189,2.6331931742814967
1190,2.195877634358179
1191,3.1410043975786115
1192,3.5443427389331967
1193,2.656811960077734
1194,-1.9827443558078144
1195,3.408100420884865
1196,3.422164609908689
1197,3.586104150572222
1198,3.2627823192192484
1199,3.2391039986304273
1200,3.212823674688367
1201,2.60632875351269
1202,3.434813642346966
1203,3.5364971941823655
1204,2.4526781174491314
1205,3.199126448904451
1206,3.5612296984535154
1207,3.422041992559275
1208,3.206878480120045
1209,3.1441878694181096
1210,3.206530608278179
1211,3.628306176596221
1212,3.4234594227314035
1213,3.2421772924368537
1214,2.924563138448952
1215,2.603066769733464
1216,3.401116752513789
1217,3.3745428503464256
1218,3.359979614270843
1219,3.0528858066334923
1220,3.4937135866024893
1221,3.222941869406289
1222,3.5138535093512204
1223,3.442006874900292
1224,3.3885330897495916
1225,3.2195356175073027
1226,2.989047083678223
1227,3.323408905197217
1228,0.6454120925054508
1229,3.2985352170184736
1230,3.2293889326038436
1231,2.4230514056199395
1232,3.4342744730480117
1233,3.479741048360279
1234,3.282455274525082
1235,3.3078853650206606
1236,3.38235119055238
1237,3.1014331549711565
1238,0.7943758618531398
1239,3.2465197371859045
1240,2.1842379625812254
1241,3.331799316242332
1242,3.0718074348835125
1243,3.2275016182676106
1244,3.2313994610595054
1245,3.1030710623604225
1246,3.393346610767001
1247,3.3820680182304783
1248,3.146421082102496
1249,3.5442312878040347
1250,3.271279033914483
1251,3.522049505290386
1252,3.268411357882376
1253,3.460508199606967
1254,2.2015135970792907
1255,3.3725869912293485
1256,3.0370985053627972
1257,3.2112132564883904
1258,3.2379585936545006
1259,3.4488042399699936
1260,2.9573010019769854
1261,3.5071613730039886
1262,3.2403185343519554
1263,3.1410133101751687
1264,3.074877921047888
1265,3.2078604369253907
1266,3.468660481344938
1267,2.62190520527029
1268,3.344008904934471
1269,3.1024982293557284
1270,2.9444887206716186
1271,3.417357708316063
1272,3.138352878009303
1273,3.0638010477993
1274,2.9247397698263273
1275,3.406778637305413
1276,3.0736785295457985
1277,3.3638758626994516
1278,2.8846110271935803
1279,3.269414966241048
1280,3.1869683263971926
1281,2.983681538452424
1282,3.349854261327363
1283,3.4854932772155953
1284,2.9279035775759663
1285,2.6771129691931237
1286,3.2121508088956507
1287,3.3026004906651187
1288,3.143779280680282
1289,2.6699192884982015
1290,3.240105782274488
1291,3.1759841966384177
1292,3.2458508137575017
1293,3.2389720999160754
1294,2.6953090352215474
1295,3.1384389714874894
1296,2.793854684252759
1297,2.7983511846074975
1298,3.395410461812338
1299,3.266428150386782
1300,3.120259207436979
1301,3.0520910167583697
1302,3.2601120990490955
1303,3.339770430694583
1304,2.9351495031730206
1305,2.6807192623888434
1306,3.1849953730267577
1307,-1.0664660012725224
1308,-0.40349696391658985
1309,2.1708716679507307
1310,0.8179528493507583
1311,2.0911560590420217
1312,0.5133135486248774
1313,0.9282174008986553
1314,1.9316792863591852
1315,-1.1009698101568706
1316,1.7316502703174226
1317,-0.6385969265218001
1318,-1.3052477603392103
1319,2.129720093181548
1320,2.8597131928124906
1321,0.6810221714427858
1322,0.4917347268436626
1323,-0.21598409368195906
1324,0.5128202959350868
1325,1.041397981398245
1326,2.0373134381401727
1327,0.7909644734223458
1328,1.3493311943895125
1329,2.049464520008184
1330,1.6490673594274832
1331,2.0348957166870014
1332,3.0065539662946237
1333,2.286957422583293
1334,1.0893182516654027
1335,1.3044542163206523
1336,2.7060083058474014
1337,-0.050663241507953344
1338,2.4767670554006442
1339,3.0246438597479277
1340,1.7360255197502843
1341,1.918411193314459
1342,2.7625820101227285
1343,3.076619294008327
1344,2.691559754965366
1345,2.232639386248927
1346,2.5702747890326627
1347,3.1594973706531726
1348,0.8961959394937524
1349,2.728283949759319
1350,1.9103513203622509
1351,1.954612217476317
1352,2.1935707276559646
1353,2.968132029385087
1354,2.0113266417762854
1355,2.812758261283427
1356,2.9410659320371115
1357,3.35584689593943
1358,1.6051179990696887
1359,-0.57061732938307
1360,3.3397182703328956
1361,3.037180237768275
1362,2.0380738870393684
1363,-0.7548550367612834
1364,2.870388124775072
1365,2.391708682651553
1366,2.162307408688988
1367,-1.3485617137433974
1368,0.5442440296517242
1369,2.6449028017670706
1370,2.2263329311649396
1371,2.503493224830434
1372,1.8810676467933058
1373,2.9792267472024387
1374,2.444926118777645
1375,2.7566538591866916
1376,2.072479640868969
1377,2.533014688950722
1378,2.0717447136260576
1379,2.6567401970187463
1380,1.066752115007448
1381,1.8384049879731807
1382,-0.2867606953083842
1383,-0.23924562980656924
1384,2.355996461675568
1385,-1.5830007499756955
1386,3.191398397051402
1387,1.674094751344964
1388,0.89711705897808
1389,2.246946189933449
1390,2.0055976890953437
1391,2.904162737242449
1392,2.8844174800979703
1393,3.144765586627482
1394,2.434244181850156
1395,2.832887888024835
1396,2.7636713365669214
1397,2.0496399391602442
1398,2.2970103464810387
1399,-0.1687881385298674
1400,2.612511068676482
1401,-2.105734106698072
1402,0.5945427745949794
1403,2.1562661873322413
1404,2.2047334297463843
1405,1.2015634300218998
1406,2.661608447901903
1407,2.9286241549642718
1408,2.1539024909136697
1409,1.9474559143964303
1410,3.0529591537660967
1411,1.9749710499004696
1412,2.1885561133237386
1413,2.7053145999846553
1414,2.4526962859881585
1415,2.395155871813001
1416,1.528423479166789
1417,-1.3654448099722953
1418,3.078469771150985
1419,0.7805342828529858
1420,1.0863638556530204
1421,2.1326039706508872
1422,0.9369488567614352
1423,1.8139845299080979
1424,2.412412497316613
1425,1.568828748101373
1426,1.1714249408727648
1427,2.0795177948877224
1428,2.4328950771564313
1429,-0.4208133169334519
1430,1.6493934477364873
1431,1.6766277386558834
1432,-0.3274701032749224
1433,0.18985868537217881
1434,0.8009595258505336
1435,-0.08041965023410715
1436,0.8793321781806557
1437,1.8280435727877402
1438,1.6792000046174664
1439,1.7794068917403127
1440,2.5872306569200405
1441,2.1201479942495096
1442,-0.35038438272233874
1443,1.4456805287138526
1444,1.270665902254161
1445,3.1761259588991453
1446,2.3020831866437805
1447,1.499023647502141
1448,3.3062347961827068
1449,2.0506353000627784
1450,0.7602966750641167
1451,-0.037281332479499905
1452,1.441453522608938
1453,2.1760121721925567
1454,1.2444586882851758
1455,1.3014142326145868
1456,2.1999752826079972
1457,1.0822860432260089
1458,2.4591245923533482
1459,1.715774079226348
1460,1.6538364128166703
1461,-1.4076935240764694
1462,1.8219178848965507
1463,2.460198376622753
1464,2.613062989193865
1465,2.9399227438073687
1466,0.08360514686858715
1467,1.7731099008114193
1468,0.2864586037602235
1469,-0.35717616048397327
1470,0.791153451661196
1471,2.2169159246619734
1472,1.6448525540122267
1473,1.4721880938721466
1474,2.230793769581048
1475,2.6115629178788518
1476,1.6617003542796331
1477,-0.6265418476073854
1478,2.302197535398128
1479,2.4395820776089754
1480,-0.5904225238195288
1481,2.288949719445279
1482,1.8239517854617708
1483,2.847636869392626
1484,2.6252328265611595
1485,0.9360258161419943
1486,2.150231897033174
1487,1.983410336643549
1488,1.404873665778854
1489,0.5821861480101108
1490,-0.9400059568274715
1491,0.7822319149288853
1492,0.5851806024240569
1493,0.880585216047937
1494,0.41702692137607816
1495,1.9974871111861376
1496,0.8872468000276457
1497,2.286558371496519
1498,1.3488442564250323
1499,2.9521320699922216
1500,1.206944044872542
1501,1.9746233674672764
1502,1.4909493625900194
1503,1.7140884063300723
1504,1.1942227337978382
1505,1.2024152713987744
1506,2.0629227597319355
1507,2.047906874363788
1508,1.529003477909269
1509,-0.6791852724550361
1510,2.462906632901473
1511,-0.7343357065500379
1512,2.1851501740339523
1513,1.1848216238392404
1514,1.653356894052671
1515,2.5261201737519854
1516,2.853790195320468
1517,2.494367707926912
1518,-0.6904479667202433
1519,1.1462898241219532
1520,-0.5834520309337706
1521,0.28517147907649115
1522,1.5090222728784644
1523,0.7047844038696535
1524,1.19769488900764
1525,1.4496456590676343
1526,2.735296845562829
1527,-1.2838962094032436
1528,1.0613094963337446
1529,2.3428065416729416
1530,0.6611484077434403
1531,-0.15915749883548028
1532,2.5896145361655774
1533,0.7407032979408873
1534,2.526199318144366
1535,-0.24214706480573253
1536,3.234666255001735
1537,0.44426059324019856
1538,1.5165341508000851
1539,1.1832927367529433
1540,2.1545148806688452
1541,2.7259173468168725
1542,0.5339251020052621
1543,2.1216352682921635
1544,3.044002835326029
1545,2.829352245009568
1546,2.081463378839075
1547,0.2026747943521208
1548,0.44668307256940787
1549,1.7210624260415388
1550,1.496694899087883
1551,2.336255910569103
1552,0.22930522774018153
1553,2.5678469651088895
1554,0.6059697745524908
1555,0.9713176139060078
1556,-0.01576034245889082
1557,-1.4087823121062064
1558,1.6629098628260244
1559,-0.20032190944303532
1560,-1.881033733841549
1561,1.3419378252886207
1562,2.2926506120878645
1563,2.252196097968799
1564,1.2095500596720952
1565,2.3800170427712075
1566,0.559746251841713
1567,-0.04178704002599438
1568,2.5213735686323604
1569,1.9209439460009243
1570,2.804526878406978
1571,1.6270253379209534
1572,2.481230690774433
1573,0.6279203389062447
1574,0.395165618768192
1575,-0.41672818065635453
1576,-0.5063212321829503
1577,-0.7747457611527024
1578,1.0222476300579868
1579,2.8424792287439837
1580,1.7239160009499017
1581,2.1206451075793877
1582,1.214964177556934
1583,2.898679913954688
1584,1.9214995767786185
1585,2.1794248918684107
1586,2.4779689210094853
1587,2.0772856506565938
1588,2.4627152483301535
1589,1.6124070945817404
1590,1.7196668546331533
1591,1.5459696213101524
1592,1.9595413778378108
1593,2.921690529701947
1594,0.8210507391711649
1595,1.3400752969242997
1596,2.515579366671033
1597,1.796112719926725
1598,0.8636297266841246
1599,1.9377581925077823
1600,1.8342770652666371
1601,1.1603222934086477
1602,2.0004031849931128
1603,1.7538552956750968
1604,1.7468550830011262
1605,1.5026247935311716
1606,0.45191786516890303
1607,2.6730814305543076
1608,1.8790169442642677
1609,3.151702135036202
1610,2.5187645719689455
1611,2.32934297039275
1612,1.3018434846097988
1613,2.4436129651579734
1614,2.661449771967946
1615,2.2141598191225715
1616,3.3561930826241473
1617,1.0019279514781312
1618,2.512821918465362
1619,2.4193308244059013
1620,2.2682971709105413
1621,1.2257371105423225
1622,1.2799127371895966
1623,1.8007010828590992
1624,3.016784445058225
1625,1.6565312884127716
1626,2.229256314581428
1627,0.919779303335082
1628,2.143728288735891
1629,0.13671477431943468
1630,2.519347193058936
1631,0.953415442845989
1632,2.8067656923126525
1633,-1.8080450198439593
1634,2.9441260847408186
1635,0.32990357238967444
1636,1.1995350609712665
1637,1.3429948788636585
1638,2.9129447110489513
1639,1.5940696200339304
1640,3.004980070419523
1641,2.0938283359064394
1642,2.997106008689507
1643,1.784695669837809
1644,2.518645608138136
1645,1.904761319739321
1646,2.0221047854281657
1647,2.6012536737496155
1648,3.015799369001828
1649,2.154668201043205
1650,1.865700642230282
1651,-1.118994878180812
1652,2.7939552256864113
1653,2.2523482077972607
1654,1.5550413285962539
1655,0.6338327070577122
1656,1.3452677170199576
1657,2.285813756335599
1658,0.2565401795470473
1659,2.631383314761175
1660,2.21039229765503
1661,1.2126556003421045
1662,2.9330493494125744
1663,0.6900717551787601
1664,1.7554713359781824
1665,0.9256767825257871
1666,1.8755614414826955
1667,1.5251400560278585
1668,1.8469227798998729
1669,2.53039752612385
1670,1.8777710082803165
1671,2.682344848180219
1672,2.93772650457695
1673,3.1223504777421485
1674,1.834865962596121
1675,2.25221957835402
1676,1.494376782399916
1677,2.961111358608404
1678,0.3657243427595545
1679,2.9300760059118534
1680,1.328063371060401
1681,2.9597085266487624
1682,2.9143534592457794
1683,2.7361411397569984
1684,0.24128431981204926
1685,2.195357018519407
1686,2.202927598646345
1687,2.5793229443216874
1688,2.2875256816583533
1689,2.0486138044820286
1690,-0.41687690906087105
1691,0.7655375277043449
1692,2.855552242147721
1693,2.862105753501153
1694,2.089940049763673
1695,1.8853324494272377
1696,-0.8473104124130072
1697,0.7823144960226232
1698,2.5883107437349424
1699,0.8542464477677205
1700,2.6116744142859494
1701,1.6616373195118548
1702,1.8486527679559521
1703,3.30720204783447
1704,2.293440941702107
1705,-1.854479115215295
1706,0.9640569018524077
1707,0.13226194564149063
1708,-0.8717495141624807
1709,0.3019054847984394
1710,2.3875583133284994
1711,0.8553485615949551
1712,2.206624110965876
1713,0.8013583697611351
1714,1.4709856776606376
1715,-0.5699919714267629
1716,2.080100388408965
1717,-0.259949046037946
1718,3.2095152354894294
1719,-1.256173977726485
1720,2.721358594983007
1721,2.5516827112345504
1722,0.14111131792486306
1723,0.9735947486808647
1724,2.4265186416812097
1725,1.8713549029603922
1726,2.3190269624298603
1727,1.061763715823079
1728,2.7774982580511827
1729,2.9238463404048978
1730,0.8090775390920429
1731,2.8575976918359824
1732,2.22236327515178
1733,2.967102168383416
1734,2.353109485562222
1735,1.137630831281571
1736,-0.08212684808235034
1737,-0.758502773089825
1738,0.6429269763782337
1739,0.15997148391831684
1740,-0.13250434892467336
1741,0.8290689457207608
1742,2.047100957813439
1743,1.730004896873904
1744,-0.16157339036404533
1745,1.8320173487580973
1746,2.6116813475429645
1747,2.9165152292323824
1748,1.0831302665525804
1749,1.299841452885838
1750,0.09783244521121803
1751,1.78664367113699
1752,2.355782939917496
1753,2.467102084835231
1754,1.5904897639749793
1755,1.5303122584991464
1756,0.5866256169492332
1757,2.7610662202394534
1758,2.7972185787638923
1759,1.0190952304855088
1760,-0.08898010332473631
1761,1.8319794861513985
1762,-0.038476233218496886
1763,0.39920781365745966
1764,1.4432283415947627
1765,-0.5574784817034637
1766,1.4389127585254142
1767,-0.11579000569487892
1768,2.217055680138502
1769,1.060021072501367
1770,1.691312360691936
1771,1.5619593448524058
1772,-0.2393636625457803
1773,0.09158464010807704
1774,0.20147817614295208
1775,1.0267646023414292
1776,2.5795375685140365
1777,-1.9225066478481394
1778,1.7320996947842255
1779,2.461507864130326
1780,0.5471969046992062
1781,1.213374208331389
1782,2.0868781622137846
1783,3.0944858457191606
1784,2.585990952062625
1785,-0.36973107472915934
1786,-0.5024136345757364
1787,3.0590428544309085
1788,0.2028485380044104
1789,-1.0568281639721264
1790,1.7819903853105206
1791,2.271639009639041
1792,-0.5744087214731445
1793,2.624902614434187
1794,0.22363511501069475
1795,-0.10824891227461085
1796,3.202035105910924
1797,1.2294943332517427
1798,2.6168355801094734
1799,-0.10345340909831323
1800,2.1353544957731394
1801,0.1599694259547375
1802,1.6963277397768013
1803,2.2110368679439656
1804,2.5781129183352856
1805,1.9936774351120679
1806,1.7249045117304913
1807,-0.8477347320750875
1808,2.4978664376730553
1809,2.6554292249679228
1810,1.7083744969713022
1811,2.340742839973957
1812,-1.339331938118636
1813,1.2829826832363806
1814,1.5131062962871549
1815,2.033878328982874
1816,1.492096238163773
1817,0.7846296747044303
1818,0.20929771374944692
1819,0.12902459937342825
1820,2.336912852644108
1821,0.9153256135363875
1822,0.24428571228319554
1823,2.48343079734604
1824,1.5119914596266935
1825,0.8333815738305193
1826,3.219921808255648
1827,-0.8469920938593685
1828,1.9978675919641928
1829,0.6499667991338349
1830,1.6112117658976655
1831,0.5114385418560727
1832,2.1351586569022354
1833,3.0787358198427754
1834,2.3620862136746426
1835,2.6064928660108837
1836,1.6832956022509595
1837,-0.4902279036833412
1838,1.2968524477981302
1839,2.587160425869522
1840,1.978145638429522
1841,1.3533819759797823
1842,-0.6717419181051159
1843,2.0679793970813574
1844,2.9374631596328373
1845,1.024913502289477
1846,-0.6435848735519736
1847,2.158859973667251
1848,0.2227351942726564
1849,0.43737773826726034
1850,0.15688845138398425
1851,-1.0697585201920001
1852,0.113458299161382
1853,2.025962271329449
1854,1.4177961362766456
1855,2.130108922622197
1856,1.4017371803989211
1857,2.4073019065706744
1858,2.269933835990001
1859,2.4482117592300825
1860,-0.08271721587236558
1861,1.1487958050945373
1862,1.3421661868521733
1863,0.8018553161210878
1864,2.4210523515989673
1865,2.2079544623228338
1866,1.2526207600719585
1867,0.9016383036844939
1868,1.516435974345985
1869,2.5063659715812694
1870,0.019808101229344285
1871,1.7929090313176326
1872,2.883953079489967
1873,1.293135764859122
1874,2.5507778038507567
1875,2.2462692450082233
1876,0.5010421406267573
1877,-0.7913461347271273
1878,1.8155440195866763
1879,1.3452619807410646
1880,1.7742443831135095
1881,1.416379956014287
1882,2.6054151194456887
1883,2.4849627480879675
1884,2.847839068578927
1885,0.523773744766284
1886,1.5133582767744882
1887,2.1198301440734695
1888,2.6596372329820746
1889,-0.1249382584106211
1890,0.5070014123677239
1891,2.5045427559771776
1892,1.340307861133708
1893,1.9790922813198464
1894,2.39086084329399
1895,2.208380200156966
1896,2.6757867624534026
1897,2.042230879990537
1898,2.076334156738307
1899,3.2012353840667
1900,-0.5310316398348284
1901,1.7575963560320789
1902,-0.5121623778758474
1903,2.618087808558327
1904,-0.4504707793811974
1905,2.184392764656311
1906,2.8440809477211064
1907,1.149874016208583
1908,2.6121578833256542
1909,2.5896730960757615
1910,2.002294568733899
1911,2.948482489649444
1912,2.9378820981798346
1913,2.9844335130118593
1914,0.37450701083147164
1915,2.7040588819711218
1916,2.258301674492733
1917,2.2435442831057837
1918,2.2976703172224995
1919,1.8965006938353783
1920,2.903884846493787
1921,2.378566038809057
1922,3.0027067221526322
1923,1.8529865727244135
1924,2.453611796415833
1925,1.9497693939813276
1926,3.321974614141529
1927,1.7328812691248419
1928,2.8553692622445186
1929,0.029410353611885973
1930,3.1305758899463556
1931,2.0267176062460046
1932,1.8360854581888804
1933,2.950586690145691
1934,3.1690114733081107
1935,3.0069888583330795
1936,2.8246547933138
1937,3.108013546895896
1938,3.271847218761977
1939,2.9963149327746534
1940,3.0675400794754974
1941,3.1560056171616098
1942,2.249691878281422
1943,3.2456445815018267
1944,3.4600978662893054
1945,3.105562405384159
1946,3.169745309756871
1947,2.954254853256185
1948,3.427370049181574
1949,3.3335366767537504
1950,2.7866007206223307
1951,3.287384363281898
1952,3.240127700137396
1953,3.0483617507304603
1954,2.895140992131884
1955,3.148875545458064
1956,2.926343623845846
1957,2.713220020707689
1958,2.7663148818914416
1959,3.1382289948889874
1960,3.200297821158409
1961,2.985909409909796
1962,3.197901693100017
1963,2.9135022227971703
1964,2.8093732907447384
1965,2.839405321822464
1966,2.7254350676611385
1967,2.989397533796341
1968,1.3697672486343688
1969,1.7425670648437817
1970,1.3658001432496196
1971,1.0731696853159471
1972,1.2511252074591088
1973,2.1454965989763473
1974,1.4944307255461384
1975,1.1097884967558445
1976,1.3304963053146335
1977,1.1124250671770546
1978,1.191628429746358
1979,1.247563359829856
1980,0.9127775436961723
1981,2.844890892066809
1982,1.783397414252213
1983,1.2162136417018936
1984,1.469480333878862
1985,1.2040497587231307
1986,1.3419435708687295
1987,1.0266239641353496
1988,-0.00931215494083038
1989,-0.07315073214952213
1990,1.7813137157172811
1991,1.2138706921789504
1992,0.8494659322492317
1993,2.7718137297346104
1994,1.4834872137820385
1995,0.8280808571598209
1996,3.086335405898081
1997,0.8021630939650222
1998,1.9284157367935817
1999,2.983351950848337
2000,2.6624711987829164
2001,2.332732125148249
2002,2.3589362804307927
2003,1.6530612719315538
2004,2.561805574790759
2005,2.63299979527238
2006,1.7417260745540122
2007,1.0140021585088965
2008,2.6415817825589745
2009,3.2344127249387045
2010,2.4375404563700975
2011,2.333061221660374
2012,2.5647104819674142
2013,2.2726454375151786
2014,2.550928800227894
2015,1.8488176982187843
2016,2.0910381863488823
2017,2.8388796885236105
2018,3.681839904520469
2019,3.0715917796660603
2020,2.490248755301237
2021,2.721798830775963
2022,2.523735977996629
2023,2.471115149165907
2024,2.4938830954943203
2025,1.7640492646681305
2026,1.642767916619064
2027,3.46081030909331
2028,2.702680283854036
2029,-0.6644836957490449
2030,1.6495370264212228
2031,1.5953349815547666
2032,2.4022740079689595
2033,1.9203139347347606
2034,1.9790335252432998
2035,1.3512271502924225
2036,2.462859656533562
2037,1.9781557531771456
2038,0.8301451842696657
2039,2.0607243472556553
2040,1.7945310324971508
2041,1.7338714586076927
2042,2.328494807211217
2043,1.4944967848714528
2044,2.3914525558209836
2045,2.544753195007164
2046,1.0576788571548394
2047,2.5422942021021075
2048,2.0527936575831482
2049,1.5836265860817074
2050,1.6404567539094093
2051,1.954165286996005
2052,1.3250188883630087
2053,2.0336934408459926
2054,1.9027188100315808
2055,1.6990356596488387
2056,2.474491993029161
2057,2.6900170689646163
2058,2.3819478006692156
2059,2.154470250120044
2060,1.1736629611717926
2061,2.219651725392626
2062,-0.13007583423010013
2063,3.2084016195716862
2064,2.7687293346981035
2065,3.3205611561698016
2066,3.2096590676816708
2067,3.0382413915924604
2068,2.9679812925549642
2069,3.0811298702014027
2070,3.07995143739407
2071,2.0780960468928096
2072,2.6788442939818236
2073,1.4854617494923088
2074,2.8464522632440086
2075,2.918429184965433
2076,2.5871456342987127
2077,2.9021188490271976
2078,1.6727121007346883
2079,2.9144483042265508
2080,2.8470292062435556
2081,2.021558954321463
2082,2.725181834683473
2083,2.308513365236268
2084,2.7060115145198003
2085,2.4459425426272463
2086,2.7415301848998266
2087,1.7460459979347536
2088,2.3130618457956524
2089,2.5770331442403815
2090,1.8844659231722385
2091,1.5294693508715738
2092,1.9413704232978402
2093,2.2435611255544967
2094,2.0289527978509647
2095,2.776517032923323
2096,2.594258163054721
2097,2.166882744418023
2098,2.7236845434825656
2099,2.5378182507553
2100,1.665203156229722
2101,2.538669670211732
2102,1.8709077080842094
2103,2.2599859886827636
2104,2.4592161391002905
2105,2.3964330711417197
2106,1.7815886810914288
2107,2.85439751574661
2108,2.8755286238430915
2109,2.3895261348792607
2110,2.3467262484872426
2111,2.6725977656000506
2112,1.3088425275379099
2113,2.850967440377427
2114,2.7698406151901076
2115,2.4380713007555803
2116,2.823733917236469
2117,2.804357041825807
2118,1.3577851749775112
2119,2.0493991065270305
2120,1.8619922126800224
2121,1.5950848855748885
2122,1.924967710634445
2123,2.3024544262146063
2124,2.829619838276158
2125,1.835870704173667
2126,-0.29484609316795357
2127,1.9835693043733467
2128,1.944657931763867
2129,2.956577035314417
2130,1.411055352183905
2131,3.2376460118440433
2132,2.4185287597533724
2133,2.556324926551568
2134,2.314608824761744
2135,2.289375028250158
2136,2.919101609935331
2137,2.9819659055895444
2138,2.9391239223250603
2139,2.7666574533259376
2140,2.5137132280162815
2141,1.957918646343728
2142,2.355038005882513
2143,2.841313303224347
2144,2.5033963852521546
2145,2.22577893140792
2146,1.6906137787582676
2147,1.9632680115603531
2148,1.4334696584366693
2149,2.877032540019167
2150,2.3637437798920566
2151,1.1638233563935216
2152,1.0649426771108248
2153,1.841620122454269
2154,2.500353950636679
2155,0.17017583658016008
2156,1.3392646243803543
2157,1.0822867890890409
2158,2.558685363406227
2159,2.969872450035283
2160,2.677326876480293
2161,1.4821775700769941
2162,1.7352464561924226
2163,0.6224483727996087
2164,2.569855491701793
2165,2.6078879223216185
2166,2.572619281853686
2167,2.113123568208158
2168,1.8465302708404123
2169,1.6577779578824505
2170,2.813801003009365
2171,0.611655362340878
2172,2.6524250467212003
2173,2.67518515840608
2174,0.8097855506813878
2175,3.070387329603185
2176,2.302085339443971
2177,2.8316686892801424
2178,2.14778516571312
2179,2.319082341679134
2180,2.78516845123666
2181,2.787642109454142
2182,3.1608521990867806
2183,2.7478373149549955
2184,2.339605226303963
2185,3.487969998050917
2186,1.3405275462172237
2187,1.9757836755970706
2188,1.7697335412879336
2189,1.6340190404260357
2190,0.2899967257816338
2191,0.3809421690208724
2192,2.5537200087138117
2193,3.103759601039065
2194,2.1388815686381384
2195,0.8597955673815283
2196,2.0706679385249456
2197,2.6685361105550833
2198,0.546311365301627
2199,-0.7748961560148186
2200,1.445634394827987
2201,3.1282696389374984
2202,3.460096509138729
2203,2.902639526981939
2204,1.9430688255853377
2205,3.2486753271999644
2206,0.9868059528363796
2207,3.3868478233985466
2208,0.560003221517937
2209,2.582603034564278
2210,1.7393758753256248
2211,3.093536602108377
2212,1.9325228335692546
2213,2.1299933585564017
2214,0.6746634319445257
2215,1.1992318317098676
2216,-0.26002514722147124
2217,0.4064742792815465
2218,0.9923008454330031
2219,-2.3696764812012625
2220,0.8208707444354242
2221,0.2139051234042255
2222,0.5262946780014337
2223,0.563817513201926
2224,-0.18133270638375368
2225,0.976102833193503
2226,1.4377391885782456
2227,-1.3620197731370867
2228,-2.04629093607181
2229,-1.582347456728871
2230,2.7448833686770393
2231,2.55764494823749
2232,0.5891339740401486
2233,0.4141294054138575
2234,-0.22588509038913346
2235,2.6632324863499304
2236,2.138078299850794
2237,2.8651513106351665
2238,2.8273176170886085
2239,2.6786631129799487
2240,1.892612215093544
2241,0.7339115520121584
2242,2.8558967136070166
2243,-0.6292824500963774
2244,2.558138758084377
2245,0.6237015468670295
2246,2.2202227747521786
2247,3.150081455548831
2248,2.351027768466976
2249,2.069287787977979
2250,0.4726112184131791
2251,2.196269686420074
2252,1.6974096880696068
2253,0.9366507929734579
2254,1.7632154425940136
2255,0.9561285081068096
2256,0.5779545974660607
2257,0.22695920434856826
2258,1.8587368417396746
2259,1.8261517838023784
2260,2.4310783886210543
2261,2.3302671215002877
2262,2.2478893766483705
2263,1.7174789168976086
2264,0.9276589618633723
2265,1.9476217079824125
2266,2.0273291724615246
2267,3.0430367869150006
2268,1.8811000050453677
2269,0.5498419237410415
2270,2.4113748075738033
2271,2.5499937526890766
2272,2.6465395809441676
2273,0.43153126427093297
2274,2.520621009858045
2275,2.6143183133652736
2276,0.7040564597690289
2277,2.6610314323090436
2278,1.8107633181272325
2279,2.604018417525494
2280,1.33967874147091
2281,2.703113932347438
2282,1.9000188820033033
2283,2.263881479217564
2284,2.773806111497067
2285,1.3112774190561447
2286,2.6328977031630587
2287,2.883813203783481
2288,3.122975292517089
2289,2.465202634214049
2290,2.7114148527392796
2291,0.7127861215611235
2292,1.9632328283536247
2293,2.5679184506068964
2294,2.9134925435455004
2295,1.4934407696879097
2296,2.242300526076007
2297,0.44810372391326075
2298,0.2702402360621053
2299,3.2599289465305166
2300,2.7319314739795857
2301,2.9046383487490166
2302,3.126912138043105
2303,0.9236750305019146
2304,2.425512112358466
2305,1.5115388136258159
2306,1.5302637876768463
2307,-0.11122492196154977
2308,-0.22522371842180974
2309,2.886593292262163
2310,2.5475405836984546
2311,2.962482232837261
2312,3.199585309060237
2313,2.2718377952997137
2314,1.4090338425156197
2315,2.058755643292078
2316,0.43576802630256845
2317,3.0110199730831337
2318,-1.504266946721468
2319,2.2772871823094256
2320,2.8193633583853077
2321,2.0142213468325814
2322,2.3002975184398045
2323,3.472777646081041
2324,2.313290581612853
2325,0.697947077491543
2326,2.00656324578165
2327,1.8767767559679815
2328,3.4048841412897173
2329,3.317261430873472
2330,2.3655432922737414
2331,0.8822792695056934
2332,2.996629532432614
2333,2.189223842924916
2334,2.1025898983360647
2335,3.150318118881998
2336,2.3572040318052565
2337,1.3368228973760243
2338,1.6116227025812417
2339,2.3366472185616693
2340,2.215260518621749
2341,0.6294723279552052
2342,0.9066320504867387
2343,2.589724468408898
2344,1.7920303960633384
2345,2.4171288465135117
2346,2.7729983961734863
2347,2.6542986419632775
2348,2.78099281824183
2349,1.0085849627982688
2350,3.45963552548457
2351,3.0061663628636515
2352,2.7762452244804936
2353,1.7596824016717085
2354,2.9523285176702303
2355,2.1805272168569214
2356,3.412481255925467
2357,1.7387703240624228
2358,3.007389443759688
2359,3.4819463789970357
2360,2.3788951108252965
2361,1.7352948222897195
2362,2.4084880706903795
2363,1.8195640275759797
2364,1.8742284265834908
2365,2.8100915551950356
2366,1.8176416924696506
2367,0.704169487328394
2368,2.102253854269552
2369,2.6373960686008897
2370,2.719748476405669
2371,2.0856272431654155
2372,1.6407250018702249
2373,1.9998351217381174
2374,1.995182745859138
2375,2.346108040883969
2376,2.075680944462012
2377,2.0933368498857132
2378,1.438080332634463
2379,1.073623999363338
2380,1.0492364513327284
2381,0.8510013152759294
2382,0.6962355746988386
2383,2.396068676734123
2384,1.6142802866887698
2385,0.7578977406358043
2386,1.932998184908838
2387,1.924736483744241
2388,1.8066584932305594
2389,2.849359219062899
2390,2.9041671643406026
2391,1.3627829157815812
2392,2.4415771897176466
2393,2.6477310640590255
2394,3.0037462855207426
2395,3.266887023881073
2396,1.5676536429448509
2397,3.1286700567959365
2398,1.8011764475260628
2399,2.0110271946491256
2400,2.8759646316343117
2401,1.9059115005878418
2402,2.684623250596036
2403,1.4422561874353872
2404,2.263124241578358
2405,2.80661432394578
2406,2.645583765032746
2407,1.6322362822209902
2408,2.294138937470166
2409,2.012730573028831
2410,1.7317074160060821
2411,1.2185091039261613
2412,2.3389014815992337
2413,2.5265845635181594
2414,0.021789791763881294
2415,2.319063921135507
2416,2.089045946062168
2417,2.2378701336778324
2418,2.2967626724859564
2419,2.5715305063305705
2420,1.7779695596278935
2421,1.2660531652345037
2422,2.694639335826828
2423,2.4716467902961403
2424,2.57699395343379
2425,1.1786650654001627
2426,2.552039713652232
2427,1.8722066816751217
2428,1.9234375696703596
2429,2.24354531298147
2430,2.2445604872233704
2431,2.2032712582706893
2432,2.5226488411492283
2433,2.633504208984042
2434,2.1844445726419064
2435,2.66948002283035
2436,2.781705843100963
2437,-1.7291336415406817
2438,2.7672749774274994
2439,2.3044508859283765
2440,1.8125449266483535
2441,2.969115236856701
2442,2.733858534097883
2443,1.0946723671847833
2444,1.8006823698306287
2445,1.6942176428581532
2446,2.201226085145406
2447,1.4683093609372952
2448,0.847583310472298
2449,1.2116621582441138
2450,1.6656994324459982
2451,0.7470400959427773
2452,2.302588271868642
2453,2.4772860433088573
2454,2.5646776742615236
2455,1.4478454551472915
2456,2.452199942089129
2457,1.6272139377510606
2458,2.395621159974155
2459,1.3961979228746484
2460,1.1176910695013471
2461,0.8276652517260833
2462,2.57691050018434
2463,-0.4346873543048387
2464,0.9117535191566849
2465,0.6646924790053256
2466,3.0726120289832632
2467,1.9224096719691255
2468,2.3827636963533236
2469,2.542147635822658
2470,1.7173334907954665
2471,2.0060330350482767
2472,1.531606650141534
2473,2.574953534488416
2474,2.419997191398597
2475,2.435008728138594
2476,1.126319877941121
2477,2.226155495628696
2478,1.233182542410386
2479,0.29791988668890546
2480,2.159797788414512
2481,2.045805694511654
2482,1.6628031781168782
2483,1.8435109805576901
2484,2.219610516112024
2485,1.4613582100486033
2486,0.5914873088033853
2487,2.911313370901671
2488,0.3797370542560211
2489,2.5849774452043843
2490,1.8555682037083423
2491,1.9962185057939623
2492,2.0222929341529983
2493,2.5125695247455537
2494,2.789715448116068
2495,2.4091421151768553
2496,1.9058689522268788
2497,1.360078314176299
2498,2.4103594533883475
2499,1.7194750646707313
2500,3.2564306556466116
2501,2.932748867589155
2502,2.351831664099441
2503,2.0443366118375033
2504,2.00931449437925
2505,2.5530194240134514
2506,1.7747412134345153
2507,-0.18902286021262857
2508,0.6383176720455367
2509,-0.1598029591433433
2510,2.877461224548809
2511,2.2343979503123714
2512,2.0499944994123984
2513,1.0526228747583906
2514,0.7128166488044253
2515,0.9599431483742756
2516,2.1010345610027956
2517,2.5790081494676906
2518,2.3199977907815414
2519,2.2663124829766947
2520,1.803644187161521
2521,1.483576282877018
2522,1.17436673093164
2523,2.12212486205063
2524,1.3530394151269165
2525,1.4944582177870258
2526,2.5570017269688297
2527,2.5376141457265975
2528,2.8422006593188875
2529,2.035841020274957
2530,1.913936600264574
2531,1.954514755909503
2532,2.152069542880601
2533,0.66939089469774
2534,1.9291609959207663
2535,0.6462800919938714
2536,1.406402730172867
2537,-0.12371631964146775
2538,2.5147257822494087
2539,2.1582739187659823
2540,2.3933981831438085
2541,3.037200636094782
2542,-0.8740908988721159
2543,0.5137807606520267
2544,2.133152030431624
2545,2.103546530660535
2546,-1.1612664445920797
2547,1.3226814477419409
2548,1.3588307422746426
2549,2.564895649954249
2550,2.3854869182439433
2551,1.0544750931918714
2552,2.433421712077154
2553,2.3206100801736365
2554,0.8165852983638573
2555,0.44071462987571436
2556,-0.5505133569417998
2557,1.891703782378543
2558,1.0855295222036503
2559,2.2550981611707948
2560,2.1628778285278285
2561,0.9810507632477933
2562,0.18500044808120847
2563,1.3393158755997074
2564,3.1286296666589153
2565,1.4598331091201657
2566,2.371537003500748
2567,1.3061318193830298
2568,0.10423213257975604
2569,2.6491143717977637
2570,3.4266848735322237
2571,2.57635478758427
2572,2.1847838410804497
2573,1.8066963872802082
2574,3.111168829835731
2575,-1.2082775180443486
2576,1.587941677681052
2577,-0.17324552769065796
2578,2.2372969696102736
2579,2.9844285436374363
2580,2.290615289942353
2581,2.2041939490054805
2582,2.6970854294085735
2583,1.4979166477198598
2584,2.6447730704092187
2585,0.10568061848255277
2586,2.1203393350115824
2587,0.7740394542242433
2588,1.7238886768431234
2589,2.2372565890019893
2590,0.06743766128425494
2591,-0.564647128157167
2592,2.6652365559499684
2593,2.8650082252559006
2594,0.7722884352165519
2595,2.804153050702501
2596,1.7348545669042597
2597,2.1861188690988547
2598,3.095825282965601
2599,2.4073096065644632
2600,0.36889998527237094
2601,1.8019485416863463
2602,1.6455559790061853
2603,0.855602267100155
2604,2.2933397291741735
2605,1.8334339544456137
2606,3.0614129475172858
2607,-0.31478689586147096
2608,3.14201862821098
2609,2.6241304638392267
2610,3.021916210817674
2611,3.200558706618087
2612,2.1628829896795363
2613,0.7521960364773987
2614,2.046223592145652
2615,1.8250570257344179
2616,2.40412940323191
2617,2.8426908609362624
2618,-0.31327117921876063
2619,2.3806720900054508
2620,2.610463673404018
2621,2.4171502637730065
2622,-0.9217023290629976
2623,3.254926781559406
2624,2.20126702510446
2625,2.2228405344438973
2626,0.878385044409045
2627,2.4862911159663232
2628,1.8076611728174845
2629,2.436541814369905
2630,-0.610859474627115
2631,-0.1577346466186478
2632,2.7040766679919153
2633,2.3511674973131855
2634,1.752561260664769
2635,0.6217436499398614
2636,1.79919714077522
2637,1.479281336252385
2638,2.274537582920469
2639,2.612862406671096
2640,2.277361504167378
2641,1.411820585770357
2642,0.9582904662295073
2643,2.9625540350285227
2644,2.4133527570711197
2645,1.8041289043409392
2646,1.956158203301106
2647,3.1065703688528736
2648,2.4248171211306797
2649,1.7470390724223892
2650,2.2126694096178463
2651,1.795043094149746
2652,1.8268318898230467
2653,2.894187297897471
2654,0.8389294158777939
2655,1.859339724899231
2656,2.413256774329732
2657,-0.31458591305367994
2658,2.0230580081806067
2659,3.0450286609953228
2660,2.458228474603522
2661,2.9664059587802134
2662,1.9556643535315286
2663,3.01819426359529
2664,2.4802883097891955
2665,1.7687836527635943
2666,1.700823465571699
2667,1.6010028671525367
2668,2.867802292940787
2669,3.118432417029335
2670,2.7704252106883334
2671,2.2951490589940082
2672,1.199305085192312
2673,1.2306803977554461
2674,1.0547362497434636
2675,2.239920347862037
2676,3.1728931530167537
2677,1.6933620839830708
2678,0.8764706364288997
2679,-2.0642320658164697
2680,2.3446823661407072
2681,3.0589605260702077
2682,2.5548323783636064
2683,-1.2590222381139107
2684,-0.636966404170414
2685,3.0990773843631825
2686,2.7550096445893653
2687,2.2327250827922076
2688,1.9057604070907694
2689,2.90005404924356
2690,1.0772222204368362
2691,3.3838194683340346
2692,2.928040007904427
2693,2.250058812126022
2694,0.5313195091992038
2695,2.7055880985719534
2696,2.268919758439411
2697,1.0183784722655709
2698,2.1291314414035
2699,2.88926379258912
2700,1.233160245685066
2701,2.278083237512272
2702,-0.33553519483998806
2703,1.7373308998398294
2704,0.5815552874441333
2705,2.82606036848789
2706,2.6326671409630134
2707,2.0483039336205566
2708,2.2899097089751765
2709,2.1629619555183477
2710,2.126428866151549
2711,2.3673657797953256
2712,1.6352372823873644
2713,2.2065768950347042
2714,0.055823074684309124
2715,3.0110000358866524
2716,1.997796699198456
2717,2.256601155802191
2718,1.5022800303907005
2719,1.2358548817576485
2720,2.8233381517819964
2721,1.9830307176497697
2722,2.10917422201818
2723,2.1933901564198166
2724,2.9131807910682963
2725,3.338655372967006
2726,2.0925568001424395
2727,3.167198181336441
2728,3.0583680734510548
2729,2.7078617086551713
2730,3.542054149196789
2731,3.096411585131231
2732,1.2549213457929365
2733,2.504836422155959
2734,1.99385783181478
2735,2.5340756816727454
2736,0.9813331061265996
2737,2.4360902925663637
2738,2.981154587272364
2739,1.4561554795613523
2740,1.8892990829269682
2741,-1.1906587428603397
2742,1.6057572070546222
2743,2.395451181272229
2744,3.009363628309665
2745,2.439919505253186
2746,2.4791253234011252
2747,1.130714666280431
2748,2.165724193123072
2749,2.831295272046643
2750,1.9465423416807632
2751,2.1118971647845086
2752,2.3674088205452555
2753,0.41409023218933455
2754,1.3840882438677165
2755,2.071956975207672
2756,2.903962534479991
2757,1.5378627940145975
2758,2.5121712681086916
2759,0.4014414858053266
2760,3.169577280680984
2761,3.5181814129611237
2762,2.752848013249767
2763,2.7104392630201524
2764,0.9628414865436968
2765,2.1386025178144776
2766,1.633712417183523
2767,0.5834651541457065
2768,2.3159243637721483
2769,2.4102215919009904
2770,2.098396473773948
2771,2.1330447329694877
2772,1.1096603649195935
2773,2.4968161985271236
2774,0.8343305723561673
2775,-0.14926452581923927
2776,0.3383453841896829
2777,1.3763021129799577
2778,2.7398829795111737
2779,2.284467490200834
2780,2.294275742527932
2781,2.5604422417256782
2782,1.2660130118337072
2783,2.2341560267150156
2784,0.510874548992022
2785,1.373095389770445
2786,1.987251596240525
2787,3.2574028582171035
2788,2.0777034178060734
2789,1.711533390800879
2790,3.120988536505228
2791,2.128531202327906
2792,1.7997885538406024
2793,1.9954196007151257
2794,2.9752536495559876
2795,2.045097933415541
2796,2.9619862916518698
2797,0.9890014918785299
2798,0.7723163351791548
2799,1.354272927528849
2800,2.5637567082194237
2801,2.197124318203238
2802,2.3842326743334743
2803,3.3718488401288838
2804,2.0037973502033304
2805,1.7756920944648815
2806,0.8974078538925353
2807,1.6199357240060295
2808,1.3421012892657802
2809,2.531838482762389
2810,-0.31154131947783376
2811,2.0056296605202237
2812,2.021526573596776
2813,0.4158244476068382
2814,1.6824074099718291
2815,0.9684821986189852
2816,0.8365243297954016
2817,0.5216562978570075
2818,3.185501965578875
2819,2.558406970769383
2820,-0.3496196814219111
2821,2.105677726515846
2822,0.23032335816104316
2823,0.7126130394684526
2824,-0.5575507555302237
2825,2.2826987071110443
2826,1.6105857887881085
2827,1.2508861754155747
2828,2.0863088130604717
2829,0.09299901834513681
2830,0.5262555397167247
2831,-0.1667047877313918
2832,0.6834729407104202
2833,2.1307974255090287
2834,1.6970972971734892
2835,2.3862502282600184
2836,0.6268157244822352
2837,0.06250685591600193
2838,-0.05677496639013533
2839,2.020963440946824
2840,2.732610924979939
2841,2.102627086428157
2842,1.6809336323096078
2843,2.3058901128696747
2844,-0.7341109099140425
2845,2.452645942887755
2846,2.288663740983046
2847,2.845477920826127
2848,1.5238230345725756
2849,1.644661601954147
2850,1.5426108774665923
2851,2.9536925013487023
2852,1.4041751622467413
2853,0.19500606435593967
2854,0.29163346128541184
2855,1.9165140758579984
2856,2.8673561969758725
2857,3.4789142924136973
2858,3.359462651468843
2859,2.3613219531476894
2860,2.2718307762819157
2861,1.678444291617856
2862,3.004335520360323
2863,1.1574875845163106
2864,1.8958112631406914
2865,2.808705289200155
2866,2.5330106631926794
2867,1.3864658138444392
2868,-0.0947825255031249
2869,2.7758480359452236
2870,3.082681876216455
2871,2.9044038069195315
2872,1.5397554485361389
2873,2.4739734199161503
2874,2.3259151387458394
2875,1.5133961995210825
2876,2.197849255663602
2877,1.1270779541086111
2878,2.560559341809308
2879,2.5888461838937635
2880,2.2861564364710225
2881,2.032284650512849
2882,2.6767660044882873
2883,1.511699673211209
2884,2.336844516359712
2885,0.6577029029147095
2886,0.4612165612217624
2887,1.9084871916508332
2888,2.599749331105582
2889,2.98620328981384
2890,2.680981397489019
2891,1.1163182110148333
2892,1.559849410696102
2893,1.1527136192388274
2894,-1.2528004444172232
2895,1.660722549974816
2896,1.9980770315926901
2897,1.9014627292972095
2898,2.595798940562593
2899,1.8085801210407118
2900,2.2539679995261186
2901,1.5271895497947152
2902,1.0763676591592375
2903,1.8282060497040094
2904,3.5693683368819586
2905,1.4297553116119845
2906,1.4967158076864215
2907,3.1814384538803324
2908,-1.1503195641964665
2909,-0.4074624001368854
2910,0.7708865642855636
2911,2.8286203502725455
2912,0.7689196322496822
2913,-0.17082902732940294
2914,2.7506754760316894
2915,2.775311679698993
2916,3.1772973719554045
2917,3.255552567983497
2918,3.014673601645946
2919,3.367674937338105
2920,3.0604662096876383
2921,2.8989851938409754
2922,1.2599822987437164
2923,3.124743268283503
2924,3.25449808933992
2925,2.4872896287160637
2926,3.237506611595682
2927,2.2904647831272666
2928,2.6903620084891466
2929,0.49588945565967313
2930,0.3287623750396632
2931,2.9620133396611545
2932,0.4330298502984907
2933,-0.7423675797935512
2934,3.347778771782654
2935,3.2291137353597286
2936,3.392236743796209
2937,2.3930883106170753
2938,2.6453369130498303
2939,3.1427577830441895
2940,2.718692222738852
2941,2.25189171129269
2942,2.8944413328416028
2943,3.1313541835647363
2944,1.5509391208418515
2945,2.913510597810277
2946,3.098505517063656
2947,3.037992438495883
2948,2.9957408254240954
2949,1.5012835190139755
2950,3.0580031830339798
2951,2.937367736802672
2952,1.4945020208614894
2953,1.0653986604545678
2954,0.7437956611793859
2955,2.189089225888256
2956,-0.6935255877335156
2957,-1.0538886754788603
2958,3.2147384500471965
2959,0.8514561760281184
2960,1.9827637826304783
2961,0.7933820053210531
2962,1.8640301220361901
2963,1.9772578993347154
2964,1.133412048351654
2965,3.2265657844055693
2966,2.848108062238771
2967,2.8095662524409333
2968,3.022343935895717
2969,3.037141797660186
2970,2.9338156284280195
2971,2.8657035280681313
2972,3.199688097503141
2973,0.919685461757769
2974,2.170500964222535
2975,2.2183770696156464
2976,1.6335948188104104
2977,1.9860250784269629
2978,0.9242050209903796
2979,-2.225572662738534
2980,1.2018982434438537
2981,0.8837042621366155
2982,3.081448109516764
2983,1.925249265795889
2984,2.5634683398736784
2985,1.5335633471416275
2986,2.787250761873399
2987,2.7816613334073423
2988,2.6100853453355213
2989,2.301922645383005
2990,2.7081046715750734
2991,1.1204034572167774
2992,2.7990731172010914
2993,0.9991626954862269
2994,1.3647365005306813
2995,2.637283663741076
2996,3.2777670873778235
2997,-0.026366979043667933
2998,0.7971282182732097
2999,3.2890443658843056
3000,-0.5838769755975473
3001,2.7424221107222153
3002,0.9616799210052952
3003,1.6100686339937123
3004,2.5162963995443266
3005,3.2259772850177817
3006,3.167009829654909
3007,2.5151395408098605
3008,-0.010983423807493264
3009,2.0523802074970634
3010,2.781730095061221
3011,0.8919151369560814
3012,2.024025881411623
3013,1.794000537517698
3014,2.441626070903078
3015,2.252451356825337
3016,1.5399134072770635
3017,2.5969318555881276
3018,3.074678367617557
3019,2.5986201060179206
3020,1.503671042808779
3021,3.5153222380548685
3022,0.6877134369195474
3023,1.4585196656987187
3024,0.45733804038121834
3025,1.6114007146592189
3026,0.38551741732805334
3027,2.8017521909819285
3028,2.3693152998578717
3029,3.572096482043613
3030,1.0607821749979995
3031,2.7063882161012667
3032,2.393206470905411
3033,2.812311354333394
3034,3.270168085571351
3035,2.335423664939305
3036,3.1906308873651614
3037,3.279111433454428
3038,2.967134911563724
3039,2.4714906193949724
3040,0.763273571788695
3041,0.5807081866800247
3042,0.752909241582761
3043,2.963447064727044
3044,2.299748885740347
3045,2.5748213719961823
3046,1.6023217108783725
3047,1.3590954393882908
3048,1.7339434225479486
3049,2.2393806669874454
3050,2.102654683320736
3051,2.8256316249409363
3052,2.1964789892556142
3053,1.098331331622096
3054,2.456543187185255
3055,0.6881449143122184
3056,0.22622408290533835
3057,0.9340130224614024
3058,1.3261167399216116
3059,2.9615127962583023
3060,2.981084391872651
3061,3.109785499602497
3062,1.813273858175178
3063,1.3934543003568902
3064,0.5705150530447101
3065,2.817158341512249
3066,3.069549600015279
3067,3.0272736440453145
3068,2.6016823631904753
3069,2.5040425317772175
3070,2.8955677984700987
3071,2.9037247126485783
3072,1.995156449687146
3073,2.932016324689711
3074,3.0949304063860508
3075,2.75803939593616
3076,3.2765195791901944
3077,2.7328899791234256
3078,2.9782808280143676
3079,1.6110224610191834
3080,2.670194184533143
3081,2.4848800535407385
3082,3.211403376402915
3083,0.39483112515250424
3084,1.600960168291187
3085,2.7176118932379643
3086,2.609287959399943
3087,3.214037798061238
3088,3.559849480736169
3089,3.312509495312247
3090,3.3622445273713484
3091,2.1472590058408163
3092,2.880473616242628
3093,2.954662498135505
3094,3.272812210833158
3095,3.0070404183201904
3096,3.134251478281893
3097,3.006985717546132
3098,2.371539805280013
3099,2.895403592207071
3100,2.805602501810497
3101,2.751223913992498
3102,2.2277839488742406
3103,2.995422292125682
3104,2.91178086451654
3105,1.1631201758397332
3106,2.557217500092231
3107,2.7509017310737227
3108,2.175213449629084
3109,1.824011382546849
3110,2.8570605182953783
3111,2.2928561820800084
3112,1.7660220421232633
3113,3.3463587809584867
3114,2.3084837928047754
3115,0.4023303103545717
3116,2.394937842669607
3117,2.4775412268867094
3118,2.1067435440509583
3119,2.1794304794545245
3120,1.9890465063141352
3121,1.8196436318964004
3122,-0.8933952278496962
3123,2.177178801732834
3124,2.652095818658174
3125,-0.8501610269877933
3126,2.1601881698577308
3127,2.375970676820727
3128,2.950766246297722
3129,1.6023259646375196
3130,-0.9739809697283626
3131,2.2379444228397345
3132,2.6957115567957497
3133,3.5244118618763496
3134,3.0504682208718568
3135,0.9227614102312197
3136,1.110880145978355
3137,2.327313907509929
3138,1.0800785283997316
3139,0.5063213240989544
3140,2.2785613383850873
3141,2.5010611120871453
3142,2.3403591548985005
3143,2.1057445502065617
3144,2.4900740662967955
3145,1.891321584604199
3146,3.292429999406909
3147,3.1254239763048552
3148,1.5251583418277856
3149,2.6816488159091647
3150,1.1311335498737025
3151,3.112525962980774
3152,2.6981653725981665
3153,0.3640583737171703
3154,2.5233427441142804
3155,1.9787356593893535
3156,2.248875023336566
3157,2.4913258467542367
3158,2.9667112113198835
3159,3.0131002057013796
3160,1.2138743190803511
3161,1.9895139168540177
3162,2.837247620876208
3163,0.9615229147431145
3164,1.5591944252123882
3165,0.18093323119056173
3166,2.706791067531408
3167,2.8766259432076553
3168,2.6822247875495053
3169,0.21355064296614626
3170,1.4828344330534708
3171,0.3719373689651682
3172,2.258478502119103
3173,2.6361223328942858
3174,2.8951900609173804
3175,2.6451261464625864
3176,1.7597896088055136
3177,2.9982663629722146
3178,2.6124900490552028
3179,1.3012809049725247
3180,2.843039943887245
3181,3.0411762570279994
3182,2.385531896204931
3183,0.017500116646020275
3184,2.5357178199430135
3185,2.6189117638519117
3186,0.977834413414945
3187,2.5152905555925433
3188,2.734992675748991
3189,1.3609661394314507
3190,0.8162160821137397
3191,1.5705911296495079
3192,-0.3045643535218395
3193,2.4791863898210416
3194,0.7651348741597028
3195,3.344745366332149
3196,2.437664265769957
3197,3.2243369014729963
3198,2.24819362514706
3199,2.97382400174611
3200,3.076257424088576
3201,0.05361225962039267
3202,2.827564928485589
3203,2.7301269069843164
3204,0.1515996682869484
3205,2.348067305189658
3206,1.0623046744677054
3207,1.8260588357604808
3208,-0.8270875179077375
3209,2.9623241568136107
3210,2.5742072522161243
3211,0.9173606220227498
3212,2.7409605163821045
3213,2.401009422215442
3214,1.6936263821711435
3215,1.2790092267711153
3216,2.46775914447987
3217,1.5650807598104528
3218,2.382175935631712
3219,-0.4532366642408112
3220,1.9941337069719294
3221,2.078520394332045
3222,1.049930622064462
3223,3.121973184490641
3224,1.6823903425055653
3225,-0.21239150859010728
3226,0.0116582833960847
3227,0.4803333425547032
3228,0.12389902595648546
3229,2.700882008946786
3230,-0.5247216453873592
3231,0.1777437312444246
3232,0.7708490754842114
3233,-0.1845448530585491
3234,2.1690078168779747
3235,0.41579327965902546
3236,1.0800536592798577
3237,1.33564127523677
3238,1.2475978703476445
3239,2.1472045973612643
3240,2.5787317272466805
3241,-0.45795759926147434
3242,1.6722956971146274
3243,2.742928528503837
3244,0.3762215775303445
3245,3.0635437989614482
3246,2.2969209942989255
3247,1.657475033779725
3248,2.2320449152963207
3249,2.579312825950015
3250,2.5131194269149435
3251,2.879592453697922
3252,2.726640722545538
3253,2.025479366234911
3254,2.7932054423691515
3255,2.8725208073611643
3256,1.9755305269725651
3257,1.8888899577991858
3258,2.527194084389054
3259,2.8338469390346304
3260,2.604473413170369
3261,2.182176133204785
3262,2.3316633775807123
3263,2.2198623770962014
3264,3.3239064606470454
3265,2.7890218843958627
3266,2.811781606111881
3267,0.8980063431765245
3268,2.2277565473270693
3269,2.4807665598919355
3270,3.002232313361113
3271,2.4346155708397843
3272,1.8612941436532193
3273,2.2662655214512144
3274,2.719710526075759
3275,1.3493280578973437
3276,0.5999635054046143
3277,0.29965779619077926
3278,1.540232362407133
3279,-0.17148138301254282
3280,2.8858362270878333
3281,0.8152836166192224
3282,0.41401230303356007
3283,2.6664039120528527
3284,1.8897583898794488
3285,1.4018548533186201
3286,1.8154384332528508
3287,1.1321136467700843
3288,2.521998840242591
3289,-1.1224187282677935
3290,-1.1219253595352585
3291,1.474160562072538
3292,1.0894724684011445
3293,-2.123628097584136
3294,0.015947815104521177
3295,2.958264840382348
3296,-0.7688065409883955
3297,2.6093877640570815
3298,1.4410922854086314
3299,2.4264283323528737
3300,2.5130341167411507
3301,2.1693735965529384
3302,1.5082451917835118
3303,2.504133509586298
3304,-0.02051453851157084
3305,2.269251677807684
3306,3.5128991942933765
3307,2.3435956659474644
3308,1.6720308439436469
3309,2.923843298055472
3310,1.9369055363427126
3311,1.2822571183286886
3312,1.967720455812936
3313,1.0899948457676871
3314,0.028200673847542428
3315,1.9184819850266306
3316,3.070798091448561
3317,2.3496838762811763
3318,1.225842805834871
3319,2.1534589243233517
3320,-0.7349584758612181
3321,0.4699506448604931
3322,-1.102183763949178
3323,1.8614282200903476
3324,1.4982791812179805
3325,1.9280672470822313
3326,2.723057627071578
3327,2.9399502337869556
3328,1.3847074390468375
3329,2.7879983352148305
3330,0.9520287811320073
3331,-0.40788085245952194
3332,1.8430543087493418
3333,3.2310638898055313
3334,1.509795425091965
3335,-0.2559804581349465
3336,0.31333911989779367
3337,2.215796943765473
3338,2.38814118444532
3339,2.0206027360903374
3340,3.1413776142048917
3341,3.054335949809975
3342,1.2730111881819726
3343,1.1582319859333534
3344,1.4154711048692965
3345,-0.8308754354091341
3346,3.105646320116343
3347,-0.5185527765087248
3348,1.829409223586309
3349,3.111395045713782
3350,1.170728508961749
3351,1.075652579746081
3352,0.5322357113761405
3353,1.6986825128632226
3354,2.0053560184647896
3355,0.25220551673910635
3356,2.9393544972135013
3357,2.8269259568532052
3358,3.2555560030391124
3359,3.082091823234
3360,2.958739643826859
3361,3.12092039450086
3362,3.1731026977771046
3363,3.0299221941150924
3364,3.3255582756327935
3365,2.997656645654025
3366,2.3923641041769685
3367,2.630645074795703
3368,0.4728288082408839
3369,2.5515800248828175
3370,2.52340802964523
3371,2.416494960207845
3372,1.3258254516644663
3373,1.3748642273827625
3374,2.2831878845533664
3375,0.16874268561253442
3376,-0.7671856956636206
3377,2.5516285496810314
3378,3.05041934894537
3379,0.49785906777298344
3380,-0.14226786198863595
3381,1.1036356231259465
3382,-0.16002481196753898
3383,2.9784743122562416
3384,1.7153235769009962
3385,2.894886711398648
3386,1.786124318013992
3387,1.849054449945677
3388,1.2941380954163617
3389,0.6458956368025645
3390,1.3968831546829248
3391,1.0656966525608225
3392,1.5161426131201772
3393,1.8097843753427616
3394,1.7089504078517292
3395,3.025900528408161
3396,2.8714725306243225
3397,2.605355326107074
3398,2.2788669239356922
3399,0.6369105002491056
3400,1.2585686520938186
3401,1.1247873616491506
3402,1.671362664632503
3403,2.474800660031611
3404,2.9878203854015313
3405,2.8277784337430036
3406,-1.2443790605776504
3407,2.9971773697946795
3408,2.400518039302799
3409,0.8787615710020565
3410,-1.325232825339723
3411,2.547831304144053
3412,-1.0001605855873699
3413,2.369794482513994
3414,2.2363919016433558
3415,2.786758902796909
3416,2.744576216631101
3417,2.8060457875679368
3418,-0.23897833009724842
3419,2.802724126175758
3420,3.1707905241322565
3421,2.5772710506524614
3422,2.0914029714150435
3423,3.0481543906653843
3424,2.4071975004529915
3425,2.3206412370402734
3426,2.35563076741617
3427,1.9059871348676902
3428,3.4734617057316335
3429,2.476699956005563
3430,1.8041913513915901
3431,1.296424034148504
3432,1.0664834109949577
3433,1.0215272429681528
3434,3.604777224209446
3435,1.9490350849795988
3436,0.4938242857376062
3437,1.754521732727009
3438,1.2047359750815103
3439,1.0285012210468305
3440,2.3733266307834615
3441,1.250254608315829
3442,0.10732959780190911
3443,2.3090988783258215
3444,2.3359761849873006
3445,2.1406229772095
3446,2.7365720961956814
3447,2.840418396240329
3448,1.9770657425986409
3449,2.578739599621782
3450,3.0822464672712657
3451,2.2282087957135017
3452,1.618577670837585
3453,1.458654788568895
3454,-1.4591991262844641
3455,2.9408576040839134
3456,2.153338428083015
3457,0.7118260646197437
3458,1.771915355569618
3459,-0.020660068068705927
3460,2.7850910837058946
3461,3.356225380211506
3462,0.7990139508398906
3463,0.8205001738814687
3464,0.882143017041587
3465,2.6883415270285624
3466,3.156547981473116
3467,3.4039031649185603
3468,3.4024039065534493
3469,3.383132402418392
3470,3.1397098858092547
3471,-0.21347081664258455
3472,1.5848038930783863
3473,1.654329666698265
3474,3.091238836922226
3475,2.6808986252616225
3476,2.1661540346246766
3477,2.417049134182127
3478,2.7427642146416025
3479,2.653103931130367
3480,3.0606340438158712
3481,1.2671552934027526
3482,2.193406452609405
3483,1.8444046828596552
3484,0.6759455763624226
3485,1.0537605099269842
3486,2.5614980524642808
3487,0.5040011614831377
3488,2.127823293696834
3489,-0.07183402780952976
3490,1.7736631454516936
3491,0.8923096343373413
3492,-1.4369887414735258
3493,2.868706684058921
3494,1.643225509224348
3495,2.1597378496253214
3496,2.0271785798801902
3497,3.1244746871685396
3498,2.9368271463911384
3499,1.8611036939625865
3500,2.640848649677649
3501,2.4634944509823966
3502,2.5672716762952903
3503,3.1916404598325796
3504,3.0447960757148063
3505,2.4946558679970825
3506,3.123688528638385
3507,3.1799976202386606
3508,1.9487362713845735
3509,2.870917271476665
3510,1.6750159204739719
3511,2.787498285950159
3512,2.5254160192881665
3513,2.063248469094019
3514,2.254103690822495
3515,2.841659773702113
3516,1.034265657406218
3517,1.6926615357799137
3518,2.498920233946002
3519,1.244146853210822
3520,3.089326857428866
3521,0.5009155103707614
3522,-1.0145074296972472
3523,2.5287377346432387
3524,2.25111162889059
3525,2.8897298947393413
3526,2.760612295246354
3527,2.2395182367704667
3528,2.619863251095058
3529,0.5725278481555389
3530,1.3656330409776039
3531,1.6953001528127094
3532,-0.062430547287159015
3533,2.207301960235372
3534,2.343171073314919
3535,2.824932633278595
3536,1.8497927244551085
3537,2.7077250680552507
3538,2.4453235167810816
3539,1.0130402456622654
3540,0.4848626659406306
3541,-0.09847446766843673
3542,3.069552254586792
3543,2.036624383217497
3544,3.0162684232535475
3545,2.909007866765332
3546,2.890006122756935
3547,2.9742979552881588
3548,2.945733972376991
3549,2.5489513321456636
3550,3.0869510815677565
3551,2.9674510475892277
3552,1.8352200203746634
3553,2.564454105005059
3554,2.677160513942857
3555,2.745505600747119
3556,2.0792640811552308
3557,-1.5255855773179952
3558,1.9902582034584626
3559,0.48183441181016184
3560,-1.087965962005251
3561,1.5833917604803036
3562,0.32856204893107005
3563,0.9733656173401134
3564,2.3506766369121617
3565,2.5133086991966183
3566,1.3772965543734383
3567,0.8592671639416529
3568,1.877475802909156
3569,1.2186338969719113
3570,2.5651259185067325
3571,0.7624917786191635
3572,1.016692120116188
3573,0.697547809638675
3574,-0.6764054546643509
3575,2.72735350795949
3576,1.6648247544370818
3577,3.255669543711367
3578,1.620657316809719
3579,1.729733939637065
3580,0.805402767443845
3581,0.3231588803000075
3582,-1.0545296037510348
3583,1.8822660094016777
3584,1.5912686965001674
3585,1.9192412225022732
3586,1.5555707269900423
3587,2.101473425947424
3588,-0.2519668091082183
3589,1.9024761018241199
3590,2.5175229369957943
3591,0.6345708038571688
3592,0.7483247936007651
3593,2.4889611714734925
3594,0.6587860102603752
3595,1.513078464234724
3596,1.330280470641382
3597,2.713653578313449
3598,2.718598996175822
3599,1.9125181148272161
3600,-0.12663312193083381
3601,1.8803421688342656
3602,-0.4098298179189215
3603,2.804139338483959
3604,1.9571520392031374
3605,3.152392918904566
3606,2.069645861253792
3607,2.5565515260386094
3608,-0.9002353830964704
3609,1.4758951389263655
3610,1.7303266332212655
3611,2.572698963949828
3612,2.85156145262364
3613,2.3921533099003933
3614,2.3884964458304148
3615,1.5816775939873775
3616,2.3794132986905177
3617,2.5640735183938035
3618,2.432924573826594
3619,2.0228783112061475
3620,-1.5711881891102562
3621,2.9505774318020714
3622,2.306205081137466
3623,2.8238032172010925
3624,1.8346713232231953
3625,1.6879355657807336
3626,2.5866023776369276
3627,2.552138944539071
3628,3.3567452421610082
3629,-0.6282717338474246
3630,0.43709127468183445
3631,2.303669883526085
3632,2.5491706159511076
3633,3.3234886461409214
3634,2.718599585390638
3635,0.04529566254560303
3636,1.475342375850187
3637,2.340139423662907
3638,2.7165109329630255
3639,1.4000397953878188
3640,0.9943206109209044
3641,1.1586780335378666
3642,2.551352158306769
3643,2.1532821654563565
3644,1.6812002822973118
3645,1.6217478044952993
3646,0.43366738381074205
3647,1.8587854707991907
3648,2.31557865407341
3649,-0.20340465666085444
3650,0.9199373504323272
3651,-0.27986289372961204
3652,2.9391801592510034
3653,3.0907893829212845
3654,2.864614404400688
3655,-0.3662575764326584
3656,1.1664973385453636
3657,2.6469843636290955
3658,1.7272340260422092
3659,1.8468242652742317
3660,1.2991730243068995
3661,1.1788550984645518
3662,1.0788261670481307
3663,0.6894041371677008
3664,-0.004160304537401547
3665,0.7842521472482794
3666,0.7200725234585206
3667,3.032957994153315
3668,1.5213842052356332
3669,1.813489822918033
3670,3.1799133118807745
3671,2.111433390654278
3672,1.0640365944427388
3673,1.2013416912921286
3674,2.966184427576461
3675,2.5418642574291823
3676,2.763631873574224
3677,2.828945815771155
3678,3.1004917878804696
3679,2.6269148826635362
3680,3.025023666593641
3681,2.8626173121179335
3682,3.373952897607662
3683,2.5048620460789013
3684,2.7070042523954942
3685,2.3395151351513483
3686,0.6255816236763597
3687,1.8437675111633651
3688,1.1443621482906825
3689,1.1850364436181176
3690,0.9929033673354405
3691,1.3223428524528957
3692,1.7737101310665018
3693,0.9176601279389793
3694,0.8722227473180217
3695,1.734199960123566
3696,1.933815004851315
3697,2.280815225568919
3698,2.563218803719525
3699,2.7947649617928803
3700,2.313556823495996
3701,2.7411901245678183
3702,2.7916556234654224
3703,2.2396146220258415
3704,1.72130576113407
3705,2.5649382171386677
3706,2.219589636586685
3707,2.052514675484244
3708,1.499069567725081
3709,1.4547704712625853
3710,1.9260911854291387
3711,2.3468925543319408
3712,2.864245340052719
3713,2.286335599799124
3714,1.533438727271252
3715,1.365375121291009
3716,2.0743216663027355
3717,2.4564189691963105
3718,2.1230054606396833
3719,2.7549239007813786
3720,1.285449863918655
3721,-0.9536797154575466
3722,2.863244210552063
3723,2.8200945729723355
3724,2.301820826917997
3725,2.6530747022359593
3726,2.839646210413102
3727,3.0734330723940153
3728,2.5506859335843677
3729,3.3780919215935685
3730,2.254102576001459
3731,1.98190973970552
3732,2.9640158337267364
3733,2.51067152389329
3734,3.083020203345931
3735,2.5140072316929296
3736,2.9534599627457943
3737,2.592306299798974
3738,2.485884436450167
3739,2.501306973365207
3740,3.2028375757274326
3741,3.2201754610952715
3742,1.6467465442414604
3743,2.3387584943226445
3744,2.5135189401115503
3745,2.943589357872855
3746,2.911614604504854
3747,0.9703930432307702
3748,1.3673790350340802
3749,-0.0023548248622316283
3750,3.015647360073188
3751,2.115425927025049
3752,2.8715776764894354
3753,1.6980013091073927
3754,2.456707897113328
3755,1.6205000278718202
3756,-0.04333339962015616
3757,1.7862240674611345
3758,2.087793399209601
3759,2.6008795710963293
3760,0.9422847544631869
3761,0.009403875843817595
3762,2.6677614786745756
3763,1.7749789976648827
3764,1.769805480786041
3765,1.696500006276939
3766,1.1658613464628012
3767,1.2721710234742836
3768,2.4404323877440244
3769,2.5749721880744185
3770,2.4106327506671166
3771,1.0413771450259701
3772,1.9358665870025604
3773,1.2189646292002814
3774,0.6680476798478396
3775,1.5454817204664988
3776,0.004758626120696428
3777,-0.15221189247630235
3778,1.3594429105729888
3779,1.72963355036259
3780,1.378215183552112
3781,1.4858673487219258
3782,3.1639491500844317
3783,2.437473099014287
3784,2.142365798290472
3785,2.4241868710500962
3786,2.8107366280973873
3787,2.9197186764770464
3788,3.3777748443373
3789,2.1131170861408597
3790,2.1794448812213605
3791,2.7233341189200013
3792,2.9308633315392996
3793,2.4038721044199693
3794,2.4332002554117564
3795,0.47256111218776603
3796,0.6759164624706727
3797,2.46532465826463
3798,0.8621721089071204
3799,-0.04856320528782785
3800,3.3910777457217973
3801,1.5487612412150762
3802,1.6437635326885942
3803,1.405510231138297
3804,1.2825666953073214
3805,2.2270078568266882
3806,2.3171973910895347
3807,2.312054875298118
3808,2.515398697773762
3809,2.2318234621822555
3810,3.229029114344363
3811,2.736510073440893
3812,2.406095525572124
3813,3.2089100554943486
3814,0.5378340594063059
3815,2.1086499245253427
3816,0.9408683231158693
3817,-0.11439408244072051
3818,3.258344393410733
3819,0.38808420384174536
3820,1.7595551146384627
3821,2.845115019946192
3822,2.6529136917799865
3823,1.1998152632512191
3824,1.8521408038586942
3825,1.6187820197336433
3826,2.509929008799821
3827,0.7679374408466968
3828,1.4037384645046618
3829,1.1287122727111492
3830,2.8092348279892785
3831,1.6802751379329173
3832,1.1191276716266418
3833,1.8854646595695879
3834,1.7415993551802509
3835,3.0597892660435124
3836,1.7801774053656965
3837,1.3813637679097726
3838,1.6418024604801151
3839,1.5868214765172708
3840,1.8850466981466927
3841,0.0906912190252416
3842,1.5893403613316615
3843,2.701280211488992
3844,0.9737594365228153
3845,2.2933064643359486
3846,1.293886477691724
3847,1.6606009417385272
3848,2.9748431410061382
3849,0.6718413421958599
3850,2.31511149565094
3851,2.8100988088725223
3852,1.6021418187860044
3853,1.9096014167573219
3854,1.859649660085366
3855,1.6509623878099768
3856,1.7379074921490643
3857,2.0914171311860166
3858,2.865104756943848
3859,0.9834135147650689
3860,2.109762612059093
3861,1.7630952817027967
3862,2.368771139668999
3863,1.853018742968563
3864,2.390820835277064
3865,-0.07742608644913514
3866,0.7495920753635815
3867,2.8576705465190595
3868,2.219843278001366
3869,3.013006335242784
3870,2.9311627907832025
3871,2.9117229096772523
3872,2.814029139026634
3873,1.2543914812177874
3874,-0.1714281877525473
3875,-0.4022908445395102
3876,1.1166836674579659
3877,-0.07074621619160422
3878,1.9665966331104388
3879,2.018381886853635
3880,-1.2194009029307993
3881,2.415873464164056
3882,1.2665038670801152
3883,1.0816124476949487
3884,1.258556006139046
3885,1.9622303982001637
3886,-0.07972269785872621
3887,-0.3393665715020254
3888,1.5708894631471328
3889,-0.8056701891456147
3890,0.6341262332367775
3891,0.06490928350336006
3892,2.6178345853303564
3893,1.759072578925605
3894,1.4475545166880726
3895,2.3799379388153192
3896,3.3636627616913386
3897,1.6603462501662116
3898,1.077020458220522
3899,1.643956387507989
3900,1.8867506637174913
3901,1.4457056321600161
3902,2.354988377551758
3903,-1.3608914747378489
3904,-0.10156183968913607
3905,1.7212769999625759
3906,0.43517347004934476
3907,1.4388574482735634
3908,1.803665208615997
3909,3.05067245165552
3910,3.217592268941682
3911,0.593454197031417
3912,1.5646373911875355
3913,2.4622299233854323
3914,2.669796088796845
3915,3.105569672588303
3916,2.2888400572305168
3917,1.8993299353537303
3918,1.233870245672374
3919,2.8497393194821767
3920,1.320679519175869
3921,1.589910366973346
3922,1.606117084747043
3923,1.0983442560771106
3924,2.99717515851505
3925,2.462905514605497
3926,2.6829861781385835
3927,2.5070182223588824
3928,3.182823865604759
3929,2.3006463981276775
3930,0.9181256290410834
3931,2.8317278545729887
3932,0.7052995691411571
3933,1.3562139878806032
3934,1.5733104553470958
3935,2.813844997705353
3936,2.103337807584571
3937,0.577750486767876
3938,0.5289018737772402
3939,-0.047446720748012455
3940,0.6012170390233594
3941,0.6405619000974857
3942,2.275194707976027
3943,-0.17820616776377002
3944,0.37689212654502763
3945,1.4439221017978157
3946,2.488869914206595
3947,2.7187466642779863
3948,3.308759529816968
3949,2.644906344162411
3950,2.632416497181205
3951,2.8830893564789717
